Age,Deck,Family_Size,Fare,Is_Married,Parch,PassengerId,Pclass,Sex,SibSp,Survived,Ticket,Ticket_Frequency,Title
4,M,2,0,0,0,1,3,male,1,0.0,A/5 21171,1,Mr
0,ABC,2,3,1,0,2,1,female,1,1.0,PC 17599,2,Miss/Mrs/Ms
6,M,1,0,0,0,3,3,female,0,1.0,STON/O2. 3101282,1,Miss/Mrs/Ms
6,ABC,2,3,1,0,4,1,female,1,1.0,113803,2,Miss/Mrs/Ms
6,M,1,1,0,0,5,3,male,0,0.0,373450,1,Mr
4,M,1,1,0,0,6,3,male,0,0.0,330877,1,Mr
0,DE,1,3,0,0,7,1,male,0,0.0,17463,2,Mr
1,M,5,2,0,1,8,3,male,3,0.0,349909,5,Master
6,M,3,1,1,2,9,3,female,0,1.0,347742,3,Miss/Mrs/Ms
5,M,2,2,1,0,10,2,female,1,1.0,237736,2,Miss/Mrs/Ms
1,FG,3,2,0,1,11,3,female,1,1.0,PP 9549,3,Miss/Mrs/Ms
0,ABC,1,2,0,0,12,1,female,0,1.0,113783,1,Miss/Mrs/Ms
4,M,1,1,0,0,13,3,male,0,0.0,A/5. 2151,1,Mr
0,M,7,3,0,5,14,3,male,1,0.0,347082,7,Mr
5,M,1,0,0,0,15,3,female,0,0.0,350406,1,Miss/Mrs/Ms
0,M,1,2,1,0,16,2,female,0,1.0,248706,1,Miss/Mrs/Ms
1,M,6,2,0,1,17,3,male,4,0.0,382652,6,Master
6,M,1,1,0,0,18,2,male,0,1.0,244373,1,Mr
6,M,2,2,1,0,19,3,female,1,0.0,345763,2,Miss/Mrs/Ms
4,M,1,0,1,0,20,3,female,0,1.0,2649,1,Miss/Mrs/Ms
6,M,1,2,0,0,21,2,male,0,0.0,239865,2,Mr
6,DE,1,1,0,0,22,2,male,0,1.0,248698,1,Mr
5,M,1,1,0,0,23,3,female,0,1.0,330923,1,Miss/Mrs/Ms
6,ABC,1,3,0,0,24,1,male,0,1.0,113788,1,Mr
2,M,5,2,0,1,25,3,female,3,0.0,349909,5,Miss/Mrs/Ms
0,M,7,3,1,5,26,3,female,1,1.0,347077,7,Miss/Mrs/Ms
4,M,1,0,0,0,27,3,male,0,0.0,2631,1,Mr
4,ABC,6,3,0,2,28,1,male,3,0.0,19950,6,Mr
4,M,1,0,0,0,29,3,female,0,1.0,330959,1,Miss/Mrs/Ms
4,M,1,0,0,0,30,3,male,0,0.0,349216,1,Mr
0,M,1,2,0,0,31,1,male,0,0.0,PC 17601,1,Dr/Military/Noble/Clergy
0,ABC,2,3,1,0,32,1,female,1,1.0,PC 17569,3,Miss/Mrs/Ms
4,M,1,0,0,0,33,3,female,0,1.0,335677,1,Miss/Mrs/Ms
3,M,1,1,0,0,34,2,male,0,0.0,C.A. 24579,1,Mr
6,M,2,3,0,0,35,1,male,1,0.0,PC 17604,2,Mr
0,M,2,3,0,0,36,1,male,1,0.0,113789,2,Mr
4,M,1,0,0,0,37,3,male,0,1.0,2677,1,Mr
4,M,1,1,0,0,38,3,male,0,0.0,A./5. 2152,1,Mr
5,M,3,2,0,0,39,3,female,2,0.0,345764,2,Miss/Mrs/Ms
5,M,2,1,0,0,40,3,female,1,1.0,2651,2,Miss/Mrs/Ms
0,M,2,1,1,0,41,3,female,1,0.0,7546,1,Miss/Mrs/Ms
6,M,2,2,1,0,42,2,female,1,0.0,11668,2,Miss/Mrs/Ms
4,M,1,0,0,0,43,3,male,0,0.0,349253,1,Mr
1,M,4,3,0,2,44,2,female,1,1.0,SC/Paris 2123,4,Miss/Mrs/Ms
4,M,1,0,0,0,45,3,female,0,1.0,330958,1,Miss/Mrs/Ms
4,M,1,1,0,0,46,3,male,0,0.0,S.C./A.4. 23567,1,Mr
4,M,2,2,0,0,47,3,male,1,0.0,370371,2,Mr
4,M,1,0,0,0,48,3,female,0,1.0,14311,1,Miss/Mrs/Ms
4,M,3,2,0,0,49,3,male,2,0.0,2662,3,Mr
5,M,2,2,1,0,50,3,female,1,0.0,349237,2,Miss/Mrs/Ms
2,M,6,3,0,1,51,3,male,4,0.0,3101295,7,Master
4,M,1,0,0,0,52,3,male,0,0.0,A/4. 39886,1,Mr
0,DE,2,3,1,0,53,1,female,1,1.0,PC 17572,3,Miss/Mrs/Ms
6,M,2,2,1,0,54,2,female,1,1.0,2926,2,Miss/Mrs/Ms
3,ABC,2,3,0,1,55,1,male,0,0.0,113509,2,Mr
0,ABC,1,3,0,0,56,1,male,0,1.0,19947,1,Mr
4,M,1,1,0,0,57,2,female,0,1.0,C.A. 31026,1,Miss/Mrs/Ms
6,M,1,0,0,0,58,3,male,0,0.0,2697,1,Mr
1,M,4,2,0,2,59,2,female,1,1.0,C.A. 34651,4,Miss/Mrs/Ms
2,M,8,3,0,2,60,3,male,5,0.0,CA 2144,8,Master
4,M,1,0,0,0,61,3,male,0,0.0,2669,1,Mr
0,ABC,1,3,0,0,62,1,female,0,1.0,113572,2,Miss/Mrs/Ms
0,ABC,2,3,0,0,63,1,male,1,0.0,36973,2,Mr
1,M,6,2,0,2,64,3,male,3,0.0,347088,6,Master
0,M,1,2,0,0,65,1,male,0,0.0,PC 17605,1,Mr
4,M,3,2,0,1,66,3,male,1,1.0,2661,3,Master
6,FG,1,1,1,0,67,2,female,0,1.0,C.A. 29395,1,Miss/Mrs/Ms
4,M,1,1,0,0,68,3,male,0,0.0,S.P. 3464,1,Mr
5,M,7,0,0,2,69,3,female,4,1.0,3101281,1,Miss/Mrs/Ms
6,M,3,1,0,0,70,3,male,2,0.0,315151,1,Mr
6,M,1,1,0,0,71,2,male,0,0.0,C.A. 33111,1,Mr
5,M,8,3,0,2,72,3,female,5,0.0,CA 2144,8,Miss/Mrs/Ms
4,M,1,3,0,0,73,2,male,0,0.0,S.O.C. 14879,7,Mr
6,M,2,1,0,0,74,3,male,1,0.0,2680,2,Mr
6,M,1,3,0,0,75,3,male,0,1.0,1601,8,Mr
4,FG,1,0,0,0,76,3,male,0,0.0,348123,1,Mr
4,M,1,0,0,0,77,3,male,0,0.0,349208,1,Mr
4,M,1,1,0,0,78,3,male,0,0.0,374746,1,Mr
1,M,3,2,0,2,79,2,male,0,1.0,248738,3,Master
6,M,1,1,0,0,80,3,female,0,1.0,364516,2,Miss/Mrs/Ms
4,M,1,1,0,0,81,3,male,0,0.0,345767,1,Mr
6,M,1,1,0,0,82,3,male,0,1.0,345779,1,Mr
4,M,1,0,0,0,83,3,female,0,1.0,330932,1,Miss/Mrs/Ms
6,M,1,3,0,0,84,1,male,0,0.0,113059,2,Mr
5,M,1,1,0,0,85,2,female,0,1.0,SO/C 14885,1,Miss/Mrs/Ms
6,M,4,2,1,0,86,3,female,3,1.0,3101278,2,Miss/Mrs/Ms
5,M,5,3,0,3,87,3,male,1,0.0,W./C. 6608,5,Mr
4,M,1,1,0,0,88,3,male,0,0.0,SOTON/OQ 392086,1,Mr
4,ABC,6,3,0,2,89,1,female,3,1.0,19950,6,Miss/Mrs/Ms
4,M,1,1,0,0,90,3,male,0,0.0,343275,1,Mr
6,M,1,1,0,0,91,3,male,0,0.0,343276,1,Mr
4,M,1,0,0,0,92,3,male,0,0.0,347466,1,Mr
0,DE,2,3,0,0,93,1,male,1,0.0,W.E.P. 5734,2,Mr
6,M,4,2,0,2,94,3,male,1,0.0,C.A. 2315,4,Mr
0,M,1,0,0,0,95,3,male,0,0.0,364500,1,Mr
4,M,1,1,0,0,96,3,male,0,0.0,374910,1,Mr
3,ABC,1,3,0,0,97,1,male,0,0.0,PC 17754,1,Mr
4,DE,2,3,0,1,98,1,male,0,1.0,PC 17759,2,Mr
6,M,2,2,1,1,99,2,female,0,1.0,231919,2,Miss/Mrs/Ms
6,M,2,2,0,0,100,2,male,1,0.0,244367,2,Mr
6,M,1,0,0,0,101,3,female,0,0.0,349245,1,Miss/Mrs/Ms
4,M,1,0,0,0,102,3,male,0,0.0,349215,1,Mr
4,DE,2,3,0,1,103,1,male,0,0.0,35281,2,Mr
6,M,1,1,0,0,104,3,male,0,0.0,7540,1,Mr
0,M,3,0,0,0,105,3,male,2,0.0,3101276,1,Mr
6,M,1,0,0,0,106,3,male,0,0.0,349207,1,Mr
4,M,1,0,0,0,107,3,female,0,1.0,343120,1,Miss/Mrs/Ms
4,M,1,0,0,0,108,3,male,0,1.0,312991,1,Mr
0,M,1,0,0,0,109,3,male,0,0.0,349249,1,Mr
4,M,2,2,0,0,110,3,female,1,1.0,371110,3,Miss/Mrs/Ms
0,ABC,1,3,0,0,111,1,male,0,0.0,110465,2,Mr
5,M,2,1,0,0,112,3,female,1,0.0,2665,2,Miss/Mrs/Ms
4,M,1,1,0,0,113,3,male,0,0.0,324669,1,Mr
4,M,2,1,0,0,114,3,female,1,0.0,4136,1,Miss/Mrs/Ms
5,M,1,1,0,0,115,3,female,0,0.0,2627,2,Miss/Mrs/Ms
4,M,1,0,0,0,116,3,male,0,0.0,STON/O 2. 3101294,1,Mr
3,M,1,0,0,0,117,3,male,0,0.0,370369,1,Mr
6,M,2,2,0,0,118,2,male,1,0.0,11668,2,Mr
4,ABC,2,3,0,1,119,1,male,0,0.0,PC 17558,3,Mr
1,M,7,3,0,2,120,3,female,4,0.0,347082,7,Miss/Mrs/Ms
4,M,3,3,0,0,121,2,male,2,0.0,S.O.C. 14879,7,Mr
4,M,1,1,0,0,122,3,male,0,0.0,A4. 54510,1,Mr
6,M,2,2,0,0,123,2,male,1,0.0,237736,2,Mr
6,DE,1,1,0,0,124,2,female,0,1.0,27267,1,Miss/Mrs/Ms
0,DE,2,3,0,1,125,1,male,0,0.0,35281,2,Mr
2,M,2,1,0,0,126,3,male,1,1.0,2651,2,Master
4,M,1,0,0,0,127,3,male,0,0.0,370372,1,Mr
4,M,1,0,0,0,128,3,male,0,1.0,C 17369,1,Mr
4,FG,3,2,0,1,129,3,female,1,1.0,2668,3,Miss/Mrs/Ms
0,M,1,0,0,0,130,3,male,0,0.0,347061,1,Mr
6,M,1,0,0,0,131,3,male,0,0.0,349241,1,Mr
4,M,1,0,0,0,132,3,male,0,0.0,SOTON/O.Q. 3101307,1,Mr
0,M,2,1,1,0,133,3,female,1,0.0,A/5. 3337,2,Miss/Mrs/Ms
6,M,2,2,1,0,134,2,female,1,1.0,228414,2,Miss/Mrs/Ms
4,M,1,1,0,0,135,2,male,0,0.0,C.A. 29178,1,Mr
4,M,1,2,0,0,136,2,male,0,0.0,SC/PARIS 2133,1,Mr
4,DE,3,2,0,2,137,1,female,0,1.0,11752,1,Miss/Mrs/Ms
0,ABC,2,3,0,0,138,1,male,1,0.0,113803,2,Mr
5,M,1,1,0,0,139,3,male,0,0.0,7534,2,Mr
4,ABC,1,3,0,0,140,1,male,0,0.0,PC 17593,2,Mr
4,M,3,2,1,2,141,3,female,0,0.0,2678,3,Miss/Mrs/Ms
4,M,1,0,0,0,142,3,female,0,1.0,347081,1,Miss/Mrs/Ms
4,M,2,2,1,0,143,3,female,1,1.0,STON/O2. 3101279,2,Miss/Mrs/Ms
4,M,1,0,0,0,144,3,male,0,0.0,365222,1,Mr
5,M,1,1,0,0,145,2,male,0,0.0,231945,1,Mr
4,M,3,3,0,1,146,2,male,1,0.0,C.A. 33112,4,Mr
6,M,1,0,0,0,147,3,male,0,1.0,350043,1,Mr
2,M,5,3,0,2,148,3,female,2,0.0,W./C. 6608,5,Miss/Mrs/Ms
0,FG,3,2,0,2,149,2,male,0,0.0,230080,3,Mr
0,M,1,1,0,0,150,2,male,0,0.0,244310,1,Dr/Military/Noble/Clergy
0,M,1,1,0,0,151,2,male,0,0.0,S.O.P. 1166,1,Dr/Military/Noble/Clergy
4,ABC,2,3,1,0,152,1,female,1,1.0,113776,2,Miss/Mrs/Ms
0,M,1,1,0,0,153,3,male,0,0.0,A.5. 11206,1,Mr
0,M,3,1,0,2,154,3,male,0,0.0,A/5. 851,3,Mr
4,M,1,0,0,0,155,3,male,0,0.0,Fa 265302,1,Mr
0,M,2,3,0,1,156,1,male,0,0.0,PC 17597,2,Mr
5,M,1,0,0,0,157,3,female,0,1.0,35851,1,Miss/Mrs/Ms
6,M,1,1,0,0,158,3,male,0,0.0,SOTON/OQ 392090,1,Mr
4,M,1,1,0,0,159,3,male,0,0.0,315037,1,Mr
4,M,11,3,0,2,160,3,male,8,0.0,CA. 2343,11,Master
0,M,2,2,0,1,161,3,male,0,0.0,371362,2,Mr
0,M,1,2,1,0,162,2,female,0,1.0,C.A. 33595,2,Miss/Mrs/Ms
6,M,1,0,0,0,163,3,male,0,0.0,347068,1,Mr
5,M,1,1,0,0,164,3,male,0,0.0,315093,1,Mr
1,M,6,3,0,1,165,3,male,4,0.0,3101295,7,Master
2,M,3,2,0,2,166,3,male,0,1.0,363291,3,Master
0,DE,2,3,1,1,167,1,female,0,1.0,113505,2,Miss/Mrs/Ms
0,M,6,2,1,4,168,3,female,1,0.0,347088,6,Miss/Mrs/Ms
0,M,1,2,0,0,169,1,male,0,0.0,PC 17318,1,Mr
6,M,1,3,0,0,170,3,male,0,0.0,1601,8,Mr
3,ABC,1,3,0,0,171,1,male,0,0.0,111240,1,Mr
1,M,6,2,0,1,172,3,male,4,0.0,382652,6,Master
1,M,3,1,0,1,173,3,female,1,1.0,347742,3,Miss/Mrs/Ms
4,M,1,0,0,0,174,3,male,0,0.0,STON/O 2. 3101280,1,Mr
0,ABC,1,2,0,0,175,1,male,0,0.0,17764,1,Mr
5,M,3,0,0,1,176,3,male,1,0.0,350404,1,Mr
4,M,5,2,0,1,177,3,male,3,0.0,4133,5,Master
0,ABC,1,2,0,0,178,1,female,0,0.0,PC 17595,1,Miss/Mrs/Ms
6,M,1,1,0,0,179,2,male,0,0.0,250653,1,Mr
0,M,1,4,0,0,180,3,male,0,0.0,LINE,4,Mr
4,M,11,3,0,2,181,3,female,8,0.0,CA. 2343,11,Miss/Mrs/Ms
6,M,1,2,0,0,182,2,male,0,0.0,SC/PARIS 2131,1,Mr
2,M,7,3,0,2,183,3,male,4,0.0,347077,7,Master
1,FG,4,3,0,1,184,2,male,2,1.0,230136,4,Master
1,M,3,2,0,2,185,3,female,0,1.0,315153,3,Miss/Mrs/Ms
0,ABC,1,3,0,0,186,1,male,0,0.0,113767,1,Mr
4,M,2,2,1,0,187,3,female,1,1.0,370365,2,Miss/Mrs/Ms
0,M,1,2,0,0,188,1,male,0,1.0,111428,1,Mr
0,M,3,2,0,1,189,3,male,1,0.0,364849,2,Mr
0,M,1,0,0,0,190,3,male,0,0.0,349247,1,Mr
6,M,1,1,1,0,191,2,female,0,1.0,234604,1,Miss/Mrs/Ms
4,M,1,1,0,0,192,2,male,0,0.0,28424,1,Mr
4,M,2,0,0,0,193,3,female,1,1.0,350046,1,Miss/Mrs/Ms
1,FG,3,2,0,1,194,2,male,1,1.0,230080,3,Master
0,ABC,1,2,1,0,195,1,female,0,1.0,PC 17610,1,Miss/Mrs/Ms
0,ABC,1,3,0,0,196,1,female,0,1.0,PC 17569,3,Miss/Mrs/Ms
4,M,1,0,0,0,197,3,male,0,0.0,368703,1,Mr
0,M,2,1,0,1,198,3,male,0,0.0,4579,1,Mr
4,M,1,0,0,0,199,3,female,0,1.0,370370,1,Miss/Mrs/Ms
4,M,1,1,0,0,200,2,female,0,0.0,248747,1,Miss/Mrs/Ms
6,M,1,1,0,0,201,3,male,0,0.0,345770,1,Mr
4,M,11,3,0,2,202,3,male,8,0.0,CA. 2343,11,Mr
6,M,1,0,0,0,203,3,male,0,0.0,3101264,1,Mr
0,M,1,0,0,0,204,3,male,0,0.0,2628,1,Mr
5,M,1,1,0,0,205,3,male,0,1.0,A/5 3540,1,Mr
1,FG,2,1,0,1,206,3,female,0,0.0,347054,2,Miss/Mrs/Ms
6,M,2,2,0,0,207,3,male,1,0.0,3101278,2,Mr
6,M,1,2,0,0,208,3,male,0,1.0,2699,2,Mr
5,M,1,0,0,0,209,3,female,0,1.0,367231,1,Miss/Mrs/Ms
0,ABC,1,2,0,0,210,1,male,0,1.0,112277,1,Mr
4,M,1,0,0,0,211,3,male,0,0.0,SOTON/O.Q. 3101311,1,Mr
6,M,1,2,0,0,212,2,female,0,1.0,F.C.C. 13528,2,Miss/Mrs/Ms
4,M,1,0,0,0,213,3,male,0,0.0,A/5 21174,1,Mr
6,M,1,1,0,0,214,2,male,0,0.0,250646,1,Mr
4,M,2,0,0,0,215,3,male,1,0.0,367229,1,Mr
6,DE,2,3,0,0,216,1,female,1,1.0,35273,3,Miss/Mrs/Ms
6,M,1,0,0,0,217,3,female,0,1.0,STON/O2. 3101283,1,Miss/Mrs/Ms
0,M,2,2,0,0,218,2,male,1,0.0,243847,2,Mr
6,DE,1,3,0,0,219,1,female,0,1.0,11813,2,Miss/Mrs/Ms
6,M,1,1,0,0,220,2,male,0,0.0,W/C 14208,1,Mr
5,M,1,1,0,0,221,3,male,0,1.0,SOTON/OQ 392089,1,Mr
6,M,1,1,0,0,222,2,male,0,0.0,220367,1,Mr
0,M,1,1,0,0,223,3,male,0,0.0,21440,1,Mr
4,M,1,0,0,0,224,3,male,0,0.0,349234,1,Mr
0,ABC,2,3,0,0,225,1,male,1,1.0,19943,2,Mr
4,M,1,1,0,0,226,3,male,0,0.0,PP 4348,1,Mr
4,M,1,1,0,0,227,2,male,0,1.0,SW/PP 751,1,Mr
4,M,1,0,0,0,228,3,male,0,0.0,A/5 21173,1,Mr
5,M,1,1,0,0,229,2,male,0,0.0,236171,1,Mr
4,M,5,2,0,1,230,3,female,3,0.0,4133,5,Miss/Mrs/Ms
6,ABC,2,3,1,0,231,1,female,1,1.0,36973,2,Miss/Mrs/Ms
6,M,1,0,0,0,232,3,male,0,0.0,347067,1,Mr
0,M,1,1,0,0,233,2,male,0,0.0,237442,1,Mr
1,M,7,3,0,2,234,3,female,4,1.0,347077,7,Miss/Mrs/Ms
4,M,1,1,0,0,235,2,male,0,0.0,C.A. 29566,1,Mr
4,M,1,0,0,0,236,3,female,0,0.0,W./C. 6609,1,Miss/Mrs/Ms
0,M,2,2,0,0,237,2,male,1,0.0,26707,2,Mr
2,M,3,2,0,2,238,2,female,0,1.0,C.A. 31921,3,Miss/Mrs/Ms
4,M,1,1,0,0,239,2,male,0,0.0,28665,1,Mr
6,M,1,1,0,0,240,2,male,0,0.0,SCO/W 1585,1,Mr
4,M,2,1,0,0,241,3,female,1,0.0,2665,2,Miss/Mrs/Ms
4,M,2,2,0,0,242,3,female,1,1.0,367230,2,Miss/Mrs/Ms
6,M,1,1,0,0,243,2,male,0,0.0,W./C. 14263,1,Mr
4,M,1,0,0,0,244,3,male,0,0.0,STON/O 2. 3101275,1,Mr
6,M,1,0,0,0,245,3,male,0,0.0,2694,1,Mr
0,ABC,3,3,0,0,246,1,male,2,0.0,19928,3,Dr/Military/Noble/Clergy
4,M,1,0,0,0,247,3,female,0,0.0,347071,1,Miss/Mrs/Ms
4,M,3,1,1,2,248,2,female,0,1.0,250649,2,Miss/Mrs/Ms
0,DE,3,3,0,1,249,1,male,1,1.0,11751,2,Mr
0,M,2,2,0,0,250,2,male,1,0.0,244252,2,Dr/Military/Noble/Clergy
4,M,1,0,0,0,251,3,male,0,0.0,362316,1,Mr
6,FG,3,1,1,1,252,3,female,1,0.0,347054,2,Miss/Mrs/Ms
3,ABC,1,2,0,0,253,1,male,0,0.0,113514,1,Mr
6,M,2,2,0,0,254,3,male,1,0.0,A/5. 3336,2,Mr
0,M,3,2,1,2,255,3,female,0,0.0,370129,3,Miss/Mrs/Ms
6,M,3,2,1,2,256,3,female,0,1.0,2650,3,Miss/Mrs/Ms
0,M,1,3,1,0,257,1,female,0,1.0,PC 17585,2,Miss/Mrs/Ms
6,ABC,1,3,0,0,258,1,female,0,1.0,110152,3,Miss/Mrs/Ms
6,M,1,3,0,0,259,1,female,0,1.0,PC 17755,4,Miss/Mrs/Ms
0,M,2,2,1,1,260,2,female,0,1.0,230433,2,Miss/Mrs/Ms
4,M,1,0,0,0,261,3,male,0,0.0,384461,1,Mr
1,M,7,3,0,2,262,3,male,4,1.0,347077,7,Master
0,DE,3,3,0,1,263,1,male,1,0.0,110413,3,Mr
0,ABC,1,4,0,0,264,1,male,0,0.0,112059,1,Mr
4,M,1,0,0,0,265,3,female,0,0.0,382649,1,Miss/Mrs/Ms
0,M,1,1,0,0,266,2,male,0,0.0,C.A. 17248,1,Mr
5,M,6,3,0,1,267,3,male,4,0.0,3101295,7,Mr
4,M,2,0,0,0,268,3,male,1,1.0,347083,1,Mr
0,ABC,2,3,1,1,269,1,female,0,1.0,PC 17582,3,Miss/Mrs/Ms
6,ABC,1,3,0,0,270,1,female,0,1.0,PC 17760,4,Miss/Mrs/Ms
0,M,1,2,0,0,271,1,male,0,0.0,113798,2,Mr
4,M,1,4,0,0,272,3,male,0,1.0,LINE,4,Mr
0,M,2,2,1,1,273,2,female,0,1.0,250644,2,Miss/Mrs/Ms
0,ABC,2,2,0,1,274,1,male,0,0.0,PC 17596,1,Mr
4,M,1,0,0,0,275,3,female,0,1.0,370375,1,Miss/Mrs/Ms
3,DE,2,3,0,0,276,1,female,1,1.0,13502,3,Miss/Mrs/Ms
0,M,1,0,0,0,277,3,female,0,0.0,347073,1,Miss/Mrs/Ms
6,M,1,4,0,0,278,2,male,0,0.0,239853,3,Mr
2,M,6,2,0,1,279,3,male,4,0.0,382652,6,Master
6,M,3,2,1,1,280,3,female,1,1.0,C.A. 2673,3,Miss/Mrs/Ms
3,M,1,0,0,0,281,3,male,0,0.0,336439,1,Mr
6,M,1,0,0,0,282,3,male,0,0.0,347464,1,Mr
5,M,1,1,0,0,283,3,male,0,0.0,345778,1,Mr
4,M,1,1,0,0,284,3,male,0,1.0,A/5. 10482,1,Mr
0,ABC,1,2,0,0,285,1,male,0,0.0,113056,1,Mr
6,M,1,1,0,0,286,3,male,0,0.0,349239,1,Mr
6,M,1,1,0,0,287,3,male,0,1.0,345774,1,Mr
4,M,1,0,0,0,288,3,male,0,0.0,349206,1,Mr
0,M,1,1,0,0,289,2,male,0,1.0,237798,1,Mr
4,M,1,0,0,0,290,3,female,0,1.0,370373,1,Miss/Mrs/Ms
6,M,1,3,0,0,291,1,female,0,1.0,19877,3,Miss/Mrs/Ms
4,ABC,2,3,1,0,292,1,female,1,1.0,11967,2,Miss/Mrs/Ms
0,DE,1,1,0,0,293,2,male,0,0.0,SC/Paris 2163,1,Mr
4,M,1,1,0,0,294,3,female,0,0.0,349236,1,Miss/Mrs/Ms
4,M,1,0,0,0,295,3,male,0,0.0,349233,1,Mr
0,M,1,2,0,0,296,1,male,0,0.0,PC 17612,1,Mr
4,M,1,0,0,0,297,3,male,0,0.0,2693,1,Mr
1,ABC,4,3,0,2,298,1,female,1,0.0,113781,6,Miss/Mrs/Ms
0,ABC,1,2,0,0,299,1,male,0,1.0,19988,1,Mr
0,ABC,2,3,1,1,300,1,female,0,1.0,PC 17558,3,Miss/Mrs/Ms
4,M,1,0,0,0,301,3,female,0,1.0,9234,1,Miss/Mrs/Ms
4,M,3,2,0,0,302,3,male,2,1.0,367226,3,Mr
4,M,1,4,0,0,303,3,male,0,0.0,LINE,4,Mr
6,DE,1,1,0,0,304,2,female,0,1.0,226593,1,Miss/Mrs/Ms
4,M,1,1,0,0,305,3,male,0,0.0,A/5 2466,1,Mr
1,ABC,4,3,0,2,306,1,male,1,1.0,113781,6,Master
0,M,1,3,0,0,307,1,female,0,1.0,17421,4,Miss/Mrs/Ms
5,ABC,2,3,1,0,308,1,female,1,1.0,PC 17758,3,Miss/Mrs/Ms
6,M,2,2,0,0,309,2,male,1,0.0,P/PP 3381,2,Mr
6,DE,1,3,0,0,310,1,female,0,1.0,PC 17485,2,Miss/Mrs/Ms
4,ABC,1,3,0,0,311,1,female,0,1.0,11767,3,Miss/Mrs/Ms
5,ABC,5,3,0,2,312,1,female,2,1.0,PC 17608,7,Miss/Mrs/Ms
6,M,3,2,1,1,313,2,female,1,0.0,250651,2,Miss/Mrs/Ms
6,M,1,0,0,0,314,3,male,0,0.0,349243,1,Mr
0,M,3,2,0,1,315,2,male,1,0.0,F.C.C. 13529,3,Mr
6,M,1,0,0,0,316,3,female,0,1.0,347470,1,Miss/Mrs/Ms
4,M,2,2,1,0,317,2,female,1,1.0,244367,2,Miss/Mrs/Ms
0,M,1,1,0,0,318,2,male,0,0.0,29011,1,Dr/Military/Noble/Clergy
6,ABC,3,3,0,2,319,1,female,0,1.0,36928,4,Miss/Mrs/Ms
0,DE,3,3,1,1,320,1,female,1,1.0,16966,5,Miss/Mrs/Ms
4,M,1,0,0,0,321,3,male,0,0.0,A/5 21172,1,Mr
6,M,1,0,0,0,322,3,male,0,0.0,349219,1,Mr
6,M,1,1,0,0,323,2,female,0,1.0,234818,1,Miss/Mrs/Ms
4,M,3,2,1,1,324,2,female,1,1.0,248738,3,Miss/Mrs/Ms
4,M,11,3,0,2,325,3,male,8,0.0,CA. 2343,11,Mr
0,ABC,1,3,0,0,326,1,female,0,1.0,PC 17760,4,Miss/Mrs/Ms
3,M,1,0,0,0,327,3,male,0,0.0,345364,1,Mr
0,DE,1,1,1,0,328,2,female,0,1.0,28551,1,Miss/Mrs/Ms
6,M,3,2,1,1,329,3,female,1,1.0,363291,3,Miss/Mrs/Ms
5,ABC,2,3,0,1,330,1,female,0,1.0,111361,2,Miss/Mrs/Ms
4,M,3,2,0,0,331,3,female,2,1.0,367226,3,Miss/Mrs/Ms
0,ABC,1,2,0,0,332,1,male,0,0.0,113043,1,Mr
0,ABC,2,3,0,1,333,1,male,0,0.0,PC 17582,3,Mr
5,M,3,2,0,0,334,3,male,2,0.0,345764,2,Mr
0,M,2,3,1,0,335,1,female,1,1.0,PC 17611,2,Miss/Mrs/Ms
4,M,1,0,0,0,336,3,male,0,0.0,349225,1,Mr
6,ABC,2,3,0,0,337,1,male,1,0.0,113776,2,Mr
0,DE,1,3,0,0,338,1,female,0,1.0,16966,5,Miss/Mrs/Ms
0,M,1,1,0,0,339,3,male,0,1.0,7598,1,Mr
0,ABC,1,3,0,0,340,1,male,0,0.0,113784,1,Mr
1,FG,3,2,0,1,341,2,male,1,1.0,230080,3,Master
4,ABC,6,3,0,2,342,1,female,3,1.0,19950,6,Miss/Mrs/Ms
6,M,1,1,0,0,343,2,male,0,0.0,248740,1,Mr
4,M,1,1,0,0,344,2,male,0,0.0,244361,1,Mr
0,M,1,1,0,0,345,2,male,0,0.0,229236,1,Mr
4,FG,1,1,0,0,346,2,female,0,1.0,248733,1,Miss/Mrs/Ms
0,M,1,1,0,0,347,2,female,0,1.0,31418,1,Miss/Mrs/Ms
4,M,2,2,1,0,348,3,female,1,1.0,386525,2,Miss/Mrs/Ms
1,M,3,2,0,1,349,3,male,1,1.0,C.A. 37671,3,Master
0,M,1,1,0,0,350,3,male,0,0.0,315088,1,Mr
4,M,1,1,0,0,351,3,male,0,0.0,7267,1,Mr
0,ABC,1,3,0,0,352,1,male,0,0.0,113510,1,Mr
5,M,3,0,0,1,353,3,male,1,0.0,2695,1,Mr
4,M,2,2,0,0,354,3,male,1,0.0,349237,2,Mr
4,M,1,0,0,0,355,3,male,0,0.0,2647,1,Mr
6,M,1,1,0,0,356,3,male,0,0.0,345783,1,Mr
4,DE,2,3,0,1,357,1,female,0,1.0,113505,2,Miss/Mrs/Ms
0,M,1,1,0,0,358,2,female,0,0.0,237671,1,Miss/Mrs/Ms
4,M,1,0,0,0,359,3,female,0,1.0,330931,1,Miss/Mrs/Ms
4,M,1,0,0,0,360,3,female,0,1.0,330980,1,Miss/Mrs/Ms
0,M,6,2,0,4,361,3,male,1,0.0,347088,6,Mr
6,M,2,2,0,0,362,2,male,1,0.0,SC/PARIS 2167,2,Mr
0,M,2,1,1,1,363,3,female,0,0.0,2691,2,Miss/Mrs/Ms
6,M,1,0,0,0,364,3,male,0,0.0,SOTON/O.Q. 3101310,1,Mr
4,M,2,2,0,0,365,3,male,1,0.0,370365,2,Mr
6,M,1,0,0,0,366,3,male,0,0.0,C 7076,1,Mr
0,DE,2,3,1,0,367,1,female,1,1.0,110813,2,Miss/Mrs/Ms
4,M,1,0,1,0,368,3,female,0,1.0,2626,1,Miss/Mrs/Ms
4,M,1,0,0,0,369,3,female,0,1.0,14313,1,Miss/Mrs/Ms
4,ABC,1,3,0,0,370,1,female,0,1.0,PC 17477,2,Miss/Mrs/Ms
4,DE,2,3,0,0,371,1,male,1,1.0,11765,2,Mr
5,M,2,0,0,0,372,3,male,1,0.0,3101267,1,Mr
4,M,1,1,0,0,373,3,male,0,0.0,323951,1,Mr
4,M,1,3,0,0,374,1,male,0,0.0,PC 17760,4,Mr
1,M,5,2,0,1,375,3,female,3,0.0,349909,5,Miss/Mrs/Ms
0,M,2,3,1,0,376,1,female,1,1.0,PC 17604,2,Miss/Mrs/Ms
4,M,1,0,0,0,377,3,female,0,1.0,C 7077,1,Miss/Mrs/Ms
6,ABC,3,3,0,2,378,1,male,0,0.0,113503,5,Mr
4,M,1,0,0,0,379,3,male,0,0.0,2648,1,Mr
4,M,1,0,0,0,380,3,male,0,0.0,347069,1,Mr
0,M,1,3,0,0,381,1,female,0,1.0,PC 17757,5,Miss/Mrs/Ms
1,M,3,2,0,2,382,3,female,0,1.0,2653,3,Miss/Mrs/Ms
6,M,1,0,0,0,383,3,male,0,0.0,STON/O 2. 3101293,1,Mr
6,M,2,3,1,0,384,1,female,1,1.0,113789,2,Miss/Mrs/Ms
4,M,1,0,0,0,385,3,male,0,0.0,349227,1,Mr
5,M,1,3,0,0,386,2,male,0,0.0,S.O.C. 14879,7,Mr
1,M,8,3,0,2,387,3,male,5,0.0,CA 2144,8,Master
0,M,1,1,0,0,388,2,female,0,1.0,27849,1,Miss/Mrs/Ms
4,M,1,0,0,0,389,3,male,0,0.0,367655,1,Mr
5,M,1,1,0,0,390,2,female,0,1.0,SC 1748,1,Miss/Mrs/Ms
0,ABC,4,3,0,2,391,1,male,1,1.0,113760,4,Mr
4,M,1,0,0,0,392,3,male,0,1.0,350034,1,Mr
6,M,3,0,0,0,393,3,male,2,0.0,3101277,1,Mr
4,DE,2,3,0,0,394,1,female,1,1.0,35273,3,Miss/Mrs/Ms
4,FG,3,2,1,2,395,3,female,0,1.0,PP 9549,3,Miss/Mrs/Ms
4,M,1,0,0,0,396,3,male,0,0.0,350052,1,Mr
6,M,1,0,0,0,397,3,female,0,0.0,350407,1,Miss/Mrs/Ms
0,M,1,2,0,0,398,2,male,0,0.0,28403,2,Mr
4,M,1,1,0,0,399,2,male,0,0.0,244278,1,Dr/Military/Noble/Clergy
6,M,1,1,1,0,400,2,female,0,1.0,240929,1,Miss/Mrs/Ms
0,M,1,0,0,0,401,3,male,0,1.0,STON/O 2. 3101289,1,Mr
6,M,1,1,0,0,402,3,male,0,0.0,341826,1,Mr
4,M,2,1,0,0,403,3,female,1,0.0,4137,1,Miss/Mrs/Ms
6,M,2,2,0,0,404,3,male,1,0.0,STON/O2. 3101279,2,Mr
4,M,1,1,0,0,405,3,female,0,0.0,315096,1,Miss/Mrs/Ms
6,M,2,2,0,0,406,2,male,1,0.0,28664,2,Mr
0,M,1,0,0,0,407,3,male,0,0.0,347064,1,Mr
1,M,3,2,0,1,408,2,male,1,1.0,29106,3,Master
4,M,1,0,0,0,409,3,male,0,0.0,312992,1,Mr
4,M,5,2,0,1,410,3,female,3,0.0,4133,5,Miss/Mrs/Ms
4,M,1,0,0,0,411,3,male,0,0.0,349222,1,Mr
4,M,1,0,0,0,412,3,male,0,0.0,394140,1,Mr
6,ABC,2,3,0,0,413,1,female,1,1.0,19928,3,Miss/Mrs/Ms
6,M,1,4,0,0,414,2,male,0,0.0,239853,3,Mr
0,M,1,0,0,0,415,3,male,0,1.0,STON/O 2. 3101269,1,Mr
4,M,1,1,1,0,416,3,female,0,0.0,343095,1,Miss/Mrs/Ms
6,M,3,3,1,1,417,2,female,1,1.0,28220,3,Miss/Mrs/Ms
5,M,3,1,0,2,418,2,female,0,1.0,250652,1,Miss/Mrs/Ms
6,M,1,1,0,0,419,2,male,0,0.0,28228,1,Mr
2,M,3,2,0,2,420,3,female,0,0.0,345773,3,Miss/Mrs/Ms
4,M,1,0,0,0,421,3,male,0,0.0,349254,1,Mr
4,M,1,0,0,0,422,3,male,0,0.0,A/5. 13032,1,Mr
6,M,1,0,0,0,423,3,male,0,0.0,315082,1,Mr
6,M,3,1,1,1,424,3,female,1,0.0,347080,3,Miss/Mrs/Ms
5,M,3,2,0,1,425,3,male,1,0.0,370129,3,Mr
4,M,1,0,0,0,426,3,male,0,0.0,A/4. 34244,1,Mr
6,M,2,2,1,0,427,2,female,1,1.0,2003,2,Miss/Mrs/Ms
4,M,1,2,0,0,428,2,female,0,1.0,250655,2,Miss/Mrs/Ms
4,M,1,0,0,0,429,3,male,0,0.0,364851,1,Mr
6,DE,1,1,0,0,430,3,male,0,1.0,SOTON/O.Q. 392078,1,Mr
6,ABC,1,2,0,0,431,1,male,0,1.0,110564,1,Mr
4,M,2,2,1,0,432,3,female,1,1.0,376564,2,Miss/Mrs/Ms
0,M,2,2,1,0,433,2,female,1,1.0,SC/AH 3085,2,Miss/Mrs/Ms
5,M,1,0,0,0,434,3,male,0,0.0,STON/O 2. 3101274,1,Mr
0,DE,2,3,0,0,435,1,male,1,0.0,13507,2,Mr
5,ABC,4,3,0,2,436,1,female,1,1.0,113760,4,Miss/Mrs/Ms
4,M,5,3,0,2,437,3,female,2,0.0,W./C. 6608,5,Miss/Mrs/Ms
4,M,6,2,1,3,438,2,female,2,1.0,29106,3,Miss/Mrs/Ms
3,ABC,6,3,0,4,439,1,male,1,0.0,19950,6,Mr
6,M,1,1,0,0,440,2,male,0,0.0,C.A. 18723,1,Mr
0,M,3,2,1,1,441,2,female,1,1.0,F.C.C. 13529,3,Miss/Mrs/Ms
4,M,1,1,0,0,442,3,male,0,0.0,345769,1,Mr
4,M,2,0,0,0,443,3,male,1,0.0,347076,1,Mr
6,M,1,1,0,0,444,2,female,0,1.0,230434,1,Miss/Mrs/Ms
4,M,1,1,0,0,445,3,male,0,1.0,65306,1,Mr
1,ABC,3,3,0,2,446,1,male,0,1.0,33638,3,Master
5,M,2,2,0,1,447,2,female,0,1.0,250644,2,Miss/Mrs/Ms
6,M,1,2,0,0,448,1,male,0,1.0,113794,1,Mr
1,M,4,2,0,1,449,3,female,2,1.0,2666,4,Miss/Mrs/Ms
0,ABC,1,2,0,0,450,1,male,0,1.0,113786,1,Dr/Military/Noble/Clergy
0,M,4,2,0,2,451,2,male,1,0.0,C.A. 34651,4,Mr
4,M,2,2,0,0,452,3,male,1,0.0,65303,1,Mr
6,ABC,1,2,0,0,453,1,male,0,0.0,113051,1,Mr
0,ABC,2,3,0,0,454,1,male,1,1.0,17453,2,Mr
4,M,1,1,0,0,455,3,male,0,0.0,A/5 2817,1,Mr
6,M,1,0,0,0,456,3,male,0,1.0,349240,1,Mr
3,DE,1,2,0,0,457,1,male,0,0.0,13509,1,Mr
0,DE,2,3,1,0,458,1,female,1,1.0,17464,2,Miss/Mrs/Ms
0,M,1,1,0,0,459,2,female,0,1.0,F.C.C. 13531,1,Miss/Mrs/Ms
4,M,1,0,0,0,460,3,male,0,0.0,371060,1,Mr
0,DE,1,2,0,0,461,1,male,0,1.0,19952,1,Mr
6,M,1,1,0,0,462,3,male,0,0.0,364506,1,Mr
0,DE,1,3,0,0,463,1,male,0,0.0,111320,1,Mr
0,M,1,1,0,0,464,2,male,0,0.0,234360,1,Mr
4,M,1,1,0,0,465,3,male,0,0.0,A/S 2816,1,Mr
0,M,1,0,0,0,466,3,male,0,0.0,SOTON/O.Q. 3101306,1,Mr
6,M,1,4,0,0,467,2,male,0,0.0,239853,3,Mr
0,M,1,2,0,0,468,1,male,0,0.0,113792,1,Mr
4,M,1,0,0,0,469,3,male,0,0.0,36209,1,Mr
1,M,4,2,0,1,470,3,female,2,1.0,2666,4,Miss/Mrs/Ms
4,M,1,0,0,0,471,3,male,0,0.0,323592,1,Mr
0,M,1,1,0,0,472,3,male,0,0.0,315089,1,Mr
6,M,4,2,1,2,473,2,female,1,1.0,C.A. 34651,4,Miss/Mrs/Ms
4,DE,1,1,1,0,474,2,female,0,1.0,SC/AH Basle 541,1,Miss/Mrs/Ms
4,M,1,1,0,0,475,3,female,0,0.0,7553,1,Miss/Mrs/Ms
0,ABC,1,3,0,0,476,1,male,0,0.0,110465,2,Mr
6,M,2,2,0,0,477,2,male,1,0.0,31027,2,Mr
6,M,2,0,0,0,478,3,male,1,0.0,3460,1,Mr
4,M,1,0,0,0,479,3,male,0,0.0,350060,1,Mr
1,M,2,1,0,1,480,3,female,0,1.0,3101298,2,Miss/Mrs/Ms
2,M,8,3,0,2,481,3,male,5,0.0,CA 2144,8,Master
6,M,1,4,0,0,482,2,male,0,0.0,239854,1,Mr
0,M,1,1,0,0,483,3,male,0,0.0,A/5 3594,1,Mr
3,M,1,1,1,0,484,3,female,0,1.0,4134,1,Miss/Mrs/Ms
4,ABC,2,3,0,0,485,1,male,1,1.0,11967,2,Mr
4,M,5,2,0,1,486,3,female,3,0.0,4133,5,Miss/Mrs/Ms
6,ABC,2,3,1,0,487,1,female,1,1.0,19943,2,Miss/Mrs/Ms
0,ABC,1,2,0,0,488,1,male,0,0.0,11771,1,Mr
6,M,1,1,0,0,489,3,male,0,0.0,A.5. 18509,1,Mr
2,M,3,2,0,1,490,3,male,1,1.0,C.A. 37671,3,Master
4,M,2,2,0,0,491,3,male,1,0.0,65304,1,Mr
4,M,1,0,0,0,492,3,male,0,0.0,SOTON/OQ 3101317,1,Mr
0,ABC,1,2,0,0,493,1,male,0,0.0,113787,1,Mr
3,M,1,3,0,0,494,1,male,0,0.0,PC 17609,1,Mr
4,M,1,1,0,0,495,3,male,0,0.0,A/4 45380,1,Mr
4,M,1,1,0,0,496,3,male,0,0.0,2627,2,Mr
0,DE,2,3,0,0,497,1,female,1,1.0,36947,2,Miss/Mrs/Ms
4,M,1,2,0,0,498,3,male,0,0.0,C.A. 6212,2,Mr
4,ABC,4,3,1,2,499,1,female,1,0.0,113781,6,Miss/Mrs/Ms
4,M,1,0,0,0,500,3,male,0,0.0,350035,1,Mr
5,M,1,1,0,0,501,3,male,0,0.0,315086,1,Mr
4,M,1,0,0,0,502,3,female,0,0.0,364846,1,Miss/Mrs/Ms
4,M,1,0,0,0,503,3,female,0,0.0,330909,1,Miss/Mrs/Ms
0,M,1,1,0,0,504,3,female,0,0.0,4135,1,Miss/Mrs/Ms
5,ABC,1,3,0,0,505,1,female,0,1.0,110152,3,Miss/Mrs/Ms
5,ABC,2,3,0,0,506,1,male,1,0.0,PC 17758,3,Mr
6,M,3,2,1,2,507,2,female,0,1.0,26360,3,Miss/Mrs/Ms
0,M,1,2,0,0,508,1,male,0,1.0,111427,1,Mr
6,M,1,2,0,0,509,3,male,0,0.0,C 4001,3,Mr
6,M,1,3,0,0,510,3,male,0,1.0,1601,8,Mr
6,M,1,0,0,0,511,3,male,0,1.0,382651,1,Mr
4,M,1,1,0,0,512,3,male,0,0.0,SOTON/OQ 3101316,1,Mr
0,DE,1,2,0,0,513,1,male,0,1.0,PC 17473,1,Mr
0,M,2,3,1,0,514,1,female,1,1.0,PC 17603,2,Miss/Mrs/Ms
4,M,1,0,0,0,515,3,male,0,0.0,349209,1,Mr
0,DE,1,3,0,0,516,1,male,0,0.0,36967,1,Mr
6,FG,1,1,1,0,517,2,female,0,1.0,C.A. 34260,1,Miss/Mrs/Ms
4,M,1,2,0,0,518,3,male,0,0.0,371110,3,Mr
0,M,2,2,1,0,519,2,female,1,1.0,226875,2,Miss/Mrs/Ms
6,M,1,0,0,0,520,3,male,0,0.0,349242,1,Mr
6,ABC,1,3,0,0,521,1,female,0,1.0,12749,4,Miss/Mrs/Ms
4,M,1,0,0,0,522,3,male,0,0.0,349252,1,Mr
4,M,1,0,0,0,523,3,male,0,0.0,2624,1,Mr
0,ABC,2,3,1,1,524,1,female,0,1.0,111361,2,Miss/Mrs/Ms
4,M,1,0,0,0,525,3,male,0,0.0,2700,1,Mr
0,M,1,0,0,0,526,3,male,0,0.0,367232,1,Mr
0,M,1,1,0,0,527,2,female,0,1.0,W./C. 14258,1,Miss/Mrs/Ms
0,ABC,1,3,0,0,528,1,male,0,0.0,PC 17483,4,Mr
0,M,1,0,0,0,529,3,male,0,0.0,3101296,1,Mr
4,M,4,1,0,1,530,2,male,2,0.0,29104,1,Mr
1,M,3,2,0,1,531,2,female,1,1.0,26360,3,Miss/Mrs/Ms
4,M,1,0,0,0,532,3,male,0,0.0,2641,1,Mr
5,M,3,0,0,1,533,3,male,1,0.0,2690,1,Mr
4,M,3,2,1,2,534,3,female,0,1.0,2668,3,Miss/Mrs/Ms
6,M,1,1,0,0,535,3,female,0,0.0,315084,1,Miss/Mrs/Ms
2,M,3,2,0,2,536,2,female,0,1.0,F.C.C. 13529,3,Miss/Mrs/Ms
0,ABC,1,2,0,0,537,1,male,0,0.0,113050,1,Dr/Military/Noble/Clergy
6,M,1,3,0,0,538,1,female,0,1.0,PC 17761,3,Miss/Mrs/Ms
4,M,1,1,0,0,539,3,male,0,0.0,364498,2,Mr
4,ABC,3,3,0,2,540,1,female,0,1.0,13568,1,Miss/Mrs/Ms
0,ABC,3,3,0,2,541,1,female,0,1.0,WE/P 5735,2,Miss/Mrs/Ms
2,M,7,3,0,2,542,3,female,4,0.0,347082,7,Miss/Mrs/Ms
2,M,7,3,0,2,543,3,female,4,0.0,347082,7,Miss/Mrs/Ms
6,M,2,2,0,0,544,2,male,1,1.0,2908,2,Mr
0,ABC,2,3,0,0,545,1,male,1,0.0,PC 17761,3,Mr
3,M,1,2,0,0,546,1,male,0,0.0,693,1,Mr
4,M,2,2,1,0,547,2,female,1,1.0,2908,2,Miss/Mrs/Ms
6,M,1,1,0,0,548,2,male,0,1.0,SC/PARIS 2146,1,Mr
6,M,3,2,0,1,549,3,male,1,0.0,363291,3,Mr
2,M,3,3,0,1,550,2,male,1,1.0,C.A. 33112,4,Master
5,ABC,3,3,0,2,551,1,male,0,1.0,17421,4,Mr
6,M,1,2,0,0,552,2,male,0,0.0,244358,2,Mr
4,M,1,0,0,0,553,3,male,0,0.0,330979,1,Mr
4,M,1,0,0,0,554,3,male,0,1.0,2620,1,Mr
4,M,1,0,0,0,555,3,female,0,1.0,347085,1,Miss/Mrs/Ms
3,M,1,2,0,0,556,1,male,0,0.0,113807,1,Mr
0,ABC,2,3,0,0,557,1,female,1,1.0,11755,1,Miss/Mrs/Ms
0,M,1,3,0,0,558,1,male,0,0.0,PC 17757,5,Mr
0,DE,3,3,1,1,559,1,female,1,1.0,110413,3,Miss/Mrs/Ms
0,M,2,2,1,0,560,3,female,1,1.0,345572,2,Miss/Mrs/Ms
4,M,1,0,0,0,561,3,male,0,0.0,372622,1,Mr
0,M,1,0,0,0,562,3,male,0,0.0,349251,1,Mr
6,M,1,1,0,0,563,2,male,0,0.0,218629,1,Mr
4,M,1,1,0,0,564,3,male,0,0.0,SOTON/OQ 392082,1,Mr
4,M,1,1,0,0,565,3,female,0,0.0,SOTON/O.Q. 392087,1,Miss/Mrs/Ms
4,M,3,2,0,0,566,3,male,2,0.0,A/4 48871,3,Mr
4,M,1,0,0,0,567,3,male,0,0.0,349205,1,Mr
6,M,5,2,1,4,568,3,female,0,0.0,349909,5,Miss/Mrs/Ms
4,M,1,0,0,0,569,3,male,0,0.0,2686,1,Mr
6,M,1,0,0,0,570,3,male,0,1.0,350417,1,Mr
3,M,1,1,0,0,571,2,male,0,1.0,S.W./PP 752,1,Mr
0,ABC,3,3,1,0,572,1,female,2,1.0,11769,2,Miss/Mrs/Ms
0,DE,1,2,0,0,573,1,male,0,1.0,PC 17474,1,Mr
4,M,1,0,0,0,574,3,female,0,1.0,14312,1,Miss/Mrs/Ms
5,M,1,1,0,0,575,3,male,0,0.0,A/4. 20589,1,Mr
4,M,1,1,0,0,576,3,male,0,0.0,358585,2,Mr
6,M,1,1,0,0,577,2,female,0,1.0,243880,1,Miss/Mrs/Ms
0,DE,2,3,1,0,578,1,female,1,1.0,13507,2,Miss/Mrs/Ms
4,M,2,1,1,0,579,3,female,1,0.0,2689,2,Miss/Mrs/Ms
6,M,1,0,0,0,580,3,male,0,1.0,STON/O 2. 3101286,1,Mr
4,M,3,2,0,1,581,2,female,1,1.0,237789,2,Miss/Mrs/Ms
0,ABC,3,3,1,1,582,1,female,1,1.0,17421,4,Miss/Mrs/Ms
0,M,1,2,0,0,583,2,male,0,0.0,28403,2,Mr
0,ABC,1,3,0,0,584,1,male,0,0.0,13049,1,Mr
4,M,1,1,0,0,585,3,male,0,0.0,3411,1,Mr
5,DE,3,3,0,2,586,1,female,0,1.0,110413,3,Miss/Mrs/Ms
0,M,1,1,0,0,587,2,male,0,0.0,237565,1,Mr
0,ABC,3,3,0,1,588,1,male,1,1.0,13567,2,Mr
4,M,1,1,0,0,589,3,male,0,0.0,14973,1,Mr
4,M,1,1,0,0,590,3,male,0,0.0,A./5. 3235,1,Mr
6,M,1,0,0,0,591,3,male,0,0.0,STON/O 2. 3101273,1,Mr
0,DE,2,3,1,0,592,1,female,1,1.0,36947,2,Miss/Mrs/Ms
0,M,1,0,0,0,593,3,male,0,0.0,A/5 3902,1,Mr
4,M,3,0,0,2,594,3,female,0,0.0,364848,1,Miss/Mrs/Ms
0,M,2,2,0,0,595,2,male,1,0.0,SC/AH 29037,2,Mr
0,M,3,2,0,1,596,3,male,1,0.0,345773,3,Mr
6,M,1,3,0,0,597,2,female,0,1.0,248727,3,Miss/Mrs/Ms
0,M,1,4,0,0,598,3,male,0,0.0,LINE,4,Mr
4,M,1,0,0,0,599,3,male,0,0.0,2664,1,Mr
0,ABC,2,3,0,0,600,1,male,1,1.0,PC 17485,2,Dr/Military/Noble/Clergy
4,M,4,2,1,1,601,2,female,2,1.0,243847,2,Miss/Mrs/Ms
4,M,1,0,0,0,602,3,male,0,0.0,349214,1,Mr
0,M,1,3,0,0,603,1,male,0,0.0,113796,2,Mr
0,M,1,1,0,0,604,3,male,0,0.0,364511,1,Mr
6,M,1,2,0,0,605,1,male,0,1.0,111426,1,Mr
0,M,2,2,0,0,606,3,male,1,0.0,349910,2,Mr
6,M,1,0,0,0,607,3,male,0,0.0,349246,1,Mr
6,M,1,2,0,0,608,1,male,0,1.0,113804,1,Mr
4,M,4,3,1,2,609,2,female,1,1.0,SC/Paris 2123,4,Miss/Mrs/Ms
0,ABC,1,3,0,0,610,1,female,0,1.0,PC 17582,3,Miss/Mrs/Ms
0,M,7,3,1,5,611,3,female,1,0.0,347082,7,Miss/Mrs/Ms
4,M,1,0,0,0,612,3,male,0,0.0,SOTON/O.Q. 3101305,1,Mr
4,M,2,2,0,0,613,3,female,1,1.0,367230,2,Miss/Mrs/Ms
4,M,1,0,0,0,614,3,male,0,0.0,370377,1,Mr
6,M,1,1,0,0,615,3,male,0,0.0,364512,1,Mr
4,M,4,3,0,2,616,2,female,1,1.0,220845,5,Miss/Mrs/Ms
6,M,3,1,0,1,617,3,male,1,0.0,347080,3,Mr
6,M,2,2,1,0,618,3,female,1,0.0,A/5. 3336,2,Miss/Mrs/Ms
1,FG,4,3,0,1,619,2,female,2,1.0,230136,4,Miss/Mrs/Ms
6,M,1,1,0,0,620,2,male,0,0.0,31028,1,Mr
6,M,2,1,0,0,621,3,male,1,0.0,2659,2,Mr
0,DE,2,3,0,0,622,1,male,1,1.0,11753,2,Mr
4,M,3,2,0,1,623,3,male,1,1.0,2653,3,Mr
4,M,1,0,0,0,624,3,male,0,0.0,350029,1,Mr
4,M,1,2,0,0,625,3,male,0,0.0,54636,2,Mr
3,DE,1,3,0,0,626,1,male,0,0.0,36963,1,Mr
0,M,1,1,0,0,627,2,male,0,0.0,219533,1,Dr/Military/Noble/Clergy
4,DE,1,3,0,0,628,1,female,0,1.0,13502,3,Miss/Mrs/Ms
6,M,1,0,0,0,629,3,male,0,0.0,349224,1,Mr
4,M,1,0,0,0,630,3,male,0,0.0,334912,1,Mr
3,ABC,1,2,0,0,631,1,male,0,1.0,27042,1,Mr
0,M,1,0,0,0,632,3,male,0,0.0,347743,1,Mr
6,ABC,1,2,0,0,633,1,male,0,1.0,13214,1,Dr/Military/Noble/Clergy
0,M,1,4,0,0,634,1,male,0,0.0,112052,1,Mr
2,M,6,2,0,2,635,3,female,3,0.0,347088,6,Miss/Mrs/Ms
6,M,1,1,0,0,636,2,female,0,1.0,237668,1,Miss/Mrs/Ms
6,M,1,0,0,0,637,3,male,0,0.0,STON/O 2. 3101292,1,Mr
6,M,3,2,0,1,638,2,male,1,0.0,C.A. 31921,3,Mr
0,M,6,3,1,5,639,3,female,0,0.0,3101295,7,Miss/Mrs/Ms
4,M,2,2,0,0,640,3,male,1,0.0,376564,2,Mr
4,M,1,0,0,0,641,3,male,0,0.0,350050,1,Mr
4,ABC,1,3,0,0,642,1,female,0,1.0,PC 17477,2,Miss/Mrs/Ms
1,M,6,2,0,2,643,3,female,3,0.0,347088,6,Miss/Mrs/Ms
4,M,1,3,0,0,644,3,male,0,1.0,1601,8,Mr
1,M,4,2,0,1,645,3,female,2,1.0,2666,4,Miss/Mrs/Ms
0,DE,2,3,0,0,646,1,male,1,1.0,PC 17572,3,Mr
4,M,1,0,0,0,647,3,male,0,0.0,349231,1,Mr
0,ABC,1,3,0,0,648,1,male,0,1.0,13213,1,Dr/Military/Noble/Clergy
4,M,1,0,0,0,649,3,male,0,0.0,S.O./P.P. 751,1,Mr
4,M,1,0,0,0,650,3,female,0,1.0,CA. 2314,1,Miss/Mrs/Ms
4,M,1,0,0,0,651,3,male,0,0.0,349221,1,Mr
5,M,2,2,0,1,652,2,female,0,1.0,231919,2,Miss/Mrs/Ms
4,M,1,1,0,0,653,3,male,0,0.0,8475,1,Mr
4,M,1,0,0,0,654,3,female,0,1.0,330919,1,Miss/Mrs/Ms
5,M,1,0,0,0,655,3,female,0,0.0,365226,1,Miss/Mrs/Ms
4,M,3,3,0,0,656,2,male,2,0.0,S.O.C. 14879,7,Mr
4,M,1,0,0,0,657,3,male,0,0.0,349223,1,Mr
6,M,3,2,1,1,658,3,female,1,0.0,364849,2,Miss/Mrs/Ms
4,M,1,1,0,0,659,2,male,0,0.0,29751,1,Mr
0,DE,3,3,0,2,660,1,male,0,0.0,35273,3,Mr
0,M,3,3,0,0,661,1,male,2,1.0,PC 17611,2,Dr/Military/Noble/Clergy
0,M,1,0,0,0,662,3,male,0,0.0,2623,1,Mr
0,DE,1,2,0,0,663,1,male,0,0.0,5727,1,Mr
0,M,1,0,0,0,664,3,male,0,0.0,349210,1,Mr
4,M,2,0,0,0,665,3,male,1,1.0,STON/O 2. 3101285,1,Mr
6,M,3,3,0,0,666,2,male,2,0.0,S.O.C. 14879,7,Mr
4,M,1,1,0,0,667,2,male,0,0.0,234686,1,Mr
4,M,1,0,0,0,668,3,male,0,0.0,312993,1,Mr
0,M,1,1,0,0,669,3,male,0,0.0,A/5 3536,1,Mr
0,ABC,2,3,1,0,670,1,female,1,1.0,19996,2,Miss/Mrs/Ms
0,M,3,3,1,1,671,2,female,1,1.0,29750,3,Miss/Mrs/Ms
6,ABC,2,3,0,0,672,1,male,1,0.0,F.C. 12750,2,Mr
3,M,1,1,0,0,673,2,male,0,0.0,C.A. 24580,1,Mr
6,M,1,1,0,0,674,2,male,0,1.0,244270,1,Mr
6,M,1,4,0,0,675,2,male,0,0.0,239856,1,Mr
5,M,1,0,0,0,676,3,male,0,0.0,349912,1,Mr
4,M,1,1,0,0,677,3,male,0,0.0,342826,1,Mr
5,M,1,1,0,0,678,3,female,0,1.0,4138,1,Miss/Mrs/Ms
0,M,8,3,1,6,679,3,female,1,0.0,CA 2144,8,Miss/Mrs/Ms
0,ABC,2,3,0,1,680,1,male,0,1.0,PC 17755,4,Mr
4,M,1,1,0,0,681,3,female,0,0.0,330935,1,Miss/Mrs/Ms
6,DE,1,3,0,0,682,1,male,0,1.0,PC 17572,3,Mr
4,M,1,1,0,0,683,3,male,0,0.0,6563,1,Mr
5,M,8,3,0,2,684,3,male,5,0.0,CA 2144,8,Mr
0,M,3,3,0,1,685,2,male,1,0.0,29750,3,Mr
4,M,4,3,0,2,686,2,male,1,0.0,SC/Paris 2123,4,Mr
5,M,6,3,0,1,687,3,male,4,0.0,3101295,7,Mr
4,M,1,1,0,0,688,3,male,0,0.0,349228,1,Mr
5,M,1,0,0,0,689,3,male,0,0.0,350036,1,Mr
5,ABC,2,3,0,1,690,1,female,0,1.0,24160,4,Miss/Mrs/Ms
6,ABC,2,3,0,0,691,1,male,1,1.0,17474,2,Mr
1,M,2,1,0,1,692,3,female,0,1.0,349256,2,Miss/Mrs/Ms
4,M,1,3,0,0,693,3,male,0,1.0,1601,8,Mr
4,M,1,0,0,0,694,3,male,0,0.0,2672,1,Mr
0,M,1,2,0,0,695,1,male,0,0.0,113800,1,Dr/Military/Noble/Clergy
0,M,1,1,0,0,696,2,male,0,0.0,248731,1,Mr
0,M,1,1,0,0,697,3,male,0,0.0,363592,1,Mr
4,M,1,0,0,0,698,3,female,0,1.0,35852,1,Miss/Mrs/Ms
0,ABC,3,3,0,1,699,1,male,1,0.0,17421,4,Mr
0,FG,1,0,0,0,700,3,male,0,0.0,348121,1,Mr
5,ABC,2,3,1,0,701,1,female,1,1.0,PC 17757,5,Miss/Mrs/Ms
6,DE,1,2,0,0,702,1,male,0,1.0,PC 17475,1,Mr
5,M,2,1,0,1,703,3,female,0,0.0,2691,2,Miss/Mrs/Ms
4,M,1,0,0,0,704,3,male,0,0.0,36864,1,Mr
6,M,2,0,0,0,705,3,male,1,0.0,350025,1,Mr
0,M,1,2,0,0,706,2,male,0,0.0,250655,2,Mr
0,M,1,1,1,0,707,2,female,0,1.0,223596,1,Miss/Mrs/Ms
0,DE,1,2,0,0,708,1,male,0,1.0,PC 17476,1,Mr
4,M,1,3,0,0,709,1,female,0,1.0,113781,6,Miss/Mrs/Ms
4,M,3,2,0,1,710,3,male,1,1.0,2661,3,Master
4,ABC,1,3,0,0,711,1,female,0,1.0,PC 17482,1,Miss/Mrs/Ms
0,ABC,1,2,0,0,712,1,male,0,0.0,113028,1,Mr
0,ABC,2,3,0,0,713,1,male,1,1.0,19996,2,Mr
6,M,1,1,0,0,714,3,male,0,0.0,7545,1,Mr
0,M,1,1,0,0,715,2,male,0,0.0,250647,2,Mr
4,FG,1,0,0,0,716,3,male,0,0.0,348124,1,Mr
0,ABC,1,3,0,0,717,1,female,0,1.0,PC 17757,5,Miss/Mrs/Ms
6,DE,1,1,0,0,718,2,female,0,1.0,34218,1,Miss/Mrs/Ms
4,M,1,2,0,0,719,3,male,0,0.0,36568,2,Mr
6,M,1,0,0,0,720,3,male,0,0.0,347062,1,Mr
2,M,2,3,0,1,721,2,female,0,1.0,248727,3,Miss/Mrs/Ms
5,M,2,0,0,0,722,3,male,1,0.0,350048,1,Mr
6,M,1,1,0,0,723,2,male,0,0.0,12233,1,Mr
0,M,1,1,0,0,724,2,male,0,0.0,250643,1,Mr
6,DE,2,3,0,0,725,1,male,1,1.0,113806,2,Mr
4,M,1,1,0,0,726,3,male,0,0.0,315094,1,Mr
6,M,4,2,1,0,727,2,female,3,1.0,31027,2,Miss/Mrs/Ms
4,M,1,0,0,0,728,3,female,0,1.0,36866,1,Miss/Mrs/Ms
4,M,2,2,0,0,729,2,male,1,0.0,236853,2,Mr
4,M,2,0,0,0,730,3,female,1,0.0,STON/O2. 3101271,1,Miss/Mrs/Ms
6,ABC,1,3,0,0,731,1,female,0,1.0,24160,4,Miss/Mrs/Ms
2,M,1,2,0,0,732,3,male,0,0.0,2699,2,Mr
6,M,1,4,0,0,733,2,male,0,0.0,239855,1,Mr
4,M,1,1,0,0,734,2,male,0,0.0,28425,1,Mr
4,M,1,1,0,0,735,2,male,0,0.0,233639,1,Mr
6,M,1,2,0,0,736,3,male,0,0.0,54636,2,Mr
0,M,5,3,1,3,737,3,female,1,0.0,W./C. 6608,5,Miss/Mrs/Ms
6,ABC,1,3,0,0,738,1,male,0,1.0,PC 17755,4,Mr
4,M,1,0,0,0,739,3,male,0,0.0,349201,1,Mr
4,M,1,0,0,0,740,3,male,0,0.0,349218,1,Mr
0,DE,1,2,0,0,741,1,male,0,1.0,16988,1,Mr
0,ABC,2,3,0,0,742,1,male,1,0.0,19877,3,Mr
4,ABC,5,3,0,2,743,1,female,2,1.0,PC 17608,7,Miss/Mrs/Ms
4,M,2,2,0,0,744,3,male,1,0.0,376566,2,Mr
6,M,1,0,0,0,745,3,male,0,1.0,STON/O 2. 3101288,1,Mr
3,ABC,3,3,0,1,746,1,male,1,0.0,WE/P 5735,2,Dr/Military/Noble/Clergy
5,M,3,2,0,1,747,3,male,1,0.0,C.A. 2673,3,Mr
6,M,1,1,0,0,748,2,female,0,1.0,250648,1,Miss/Mrs/Ms
4,DE,2,3,0,0,749,1,male,1,0.0,113773,2,Mr
6,M,1,0,0,0,750,3,male,0,0.0,335097,1,Mr
1,M,3,2,0,1,751,2,female,1,1.0,29103,3,Miss/Mrs/Ms
2,DE,2,1,0,1,752,3,male,0,1.0,392096,2,Master
6,M,1,1,0,0,753,3,male,0,0.0,345780,1,Mr
4,M,1,0,0,0,754,3,male,0,0.0,349204,1,Mr
0,M,4,3,1,2,755,2,female,1,1.0,220845,5,Miss/Mrs/Ms
1,M,3,1,0,1,756,2,male,1,1.0,250649,2,Master
6,M,1,0,0,0,757,3,male,0,0.0,350042,1,Mr
5,M,1,1,0,0,758,2,male,0,0.0,29108,1,Mr
6,M,1,1,0,0,759,3,male,0,0.0,363294,1,Mr
6,ABC,1,3,0,0,760,1,female,0,1.0,110152,3,Miss/Mrs/Ms
4,M,1,1,0,0,761,3,male,0,0.0,358585,2,Mr
0,M,1,0,0,0,762,3,male,0,0.0,SOTON/O2 3101272,1,Mr
4,M,1,0,0,0,763,3,male,0,1.0,2663,1,Mr
0,ABC,4,3,1,2,764,1,female,1,1.0,113760,4,Miss/Mrs/Ms
5,M,1,0,0,0,765,3,male,0,0.0,347074,1,Mr
0,DE,2,3,1,0,766,1,female,1,1.0,13502,3,Miss/Mrs/Ms
0,M,1,3,0,0,767,1,male,0,0.0,112379,1,Dr/Military/Noble/Clergy
6,M,1,0,0,0,768,3,female,0,0.0,364850,1,Miss/Mrs/Ms
4,M,2,2,0,0,769,3,male,1,0.0,371110,3,Mr
6,M,1,1,0,0,770,3,male,0,0.0,8471,1,Mr
4,M,1,1,0,0,771,3,male,0,0.0,345781,1,Mr
0,M,1,0,0,0,772,3,male,0,0.0,350047,1,Mr
0,DE,1,1,1,0,773,2,female,0,0.0,S.O./P.P. 3,2,Miss/Mrs/Ms
4,M,1,0,0,0,774,3,male,0,0.0,2674,1,Mr
0,M,5,2,1,3,775,2,female,1,1.0,29105,2,Miss/Mrs/Ms
5,M,1,0,0,0,776,3,male,0,0.0,347078,1,Mr
4,FG,1,0,0,0,777,3,male,0,0.0,383121,1,Mr
1,M,1,1,0,0,778,3,female,0,1.0,364516,2,Miss/Mrs/Ms
4,M,1,0,0,0,779,3,male,0,0.0,36865,1,Mr
0,ABC,2,3,1,1,780,1,female,0,1.0,24160,4,Miss/Mrs/Ms
5,M,1,0,0,0,781,3,female,0,1.0,2687,1,Miss/Mrs/Ms
5,ABC,2,3,1,0,782,1,female,1,1.0,17474,2,Miss/Mrs/Ms
6,DE,1,2,0,0,783,1,male,0,0.0,113501,1,Mr
4,M,4,2,0,2,784,3,male,1,0.0,W./C. 6607,4,Mr
4,M,1,0,0,0,785,3,male,0,0.0,SOTON/O.Q. 3101312,1,Mr
4,M,1,0,0,0,786,3,male,0,0.0,374887,1,Mr
5,M,1,0,0,0,787,3,female,0,1.0,3101265,1,Miss/Mrs/Ms
2,M,6,2,0,1,788,3,male,4,0.0,382652,6,Master
1,M,4,2,0,2,789,3,male,1,1.0,C.A. 2315,4,Master
0,ABC,1,3,0,0,790,1,male,0,0.0,PC 17593,2,Mr
4,M,1,0,0,0,791,3,male,0,0.0,12460,1,Mr
5,M,1,2,0,0,792,2,male,0,0.0,239865,2,Mr
4,M,11,3,0,2,793,3,female,8,0.0,CA. 2343,11,Miss/Mrs/Ms
0,M,1,2,0,0,794,1,male,0,0.0,PC 17600,1,Mr
4,M,1,0,0,0,795,3,male,0,0.0,349203,1,Mr
0,M,1,1,0,0,796,2,male,0,0.0,28213,1,Mr
0,DE,1,2,0,0,797,1,female,0,1.0,17465,1,Dr/Military/Noble/Clergy
6,M,1,1,1,0,798,3,female,0,1.0,349244,1,Miss/Mrs/Ms
6,M,1,0,0,0,799,3,male,0,0.0,2685,1,Mr
6,M,3,2,1,1,800,3,female,1,0.0,345773,3,Miss/Mrs/Ms
6,M,1,1,0,0,801,2,male,0,0.0,250647,2,Mr
6,M,3,2,1,1,802,2,female,1,1.0,C.A. 31921,3,Miss/Mrs/Ms
2,ABC,4,3,0,2,803,1,male,1,1.0,113760,4,Master
1,M,2,1,0,1,804,3,male,0,1.0,2625,2,Master
6,M,1,0,0,0,805,3,male,0,1.0,347089,1,Mr
6,M,1,0,0,0,806,3,male,0,0.0,347063,1,Mr
0,ABC,1,4,0,0,807,1,male,0,0.0,112050,1,Mr
5,M,1,0,0,0,808,3,female,0,0.0,347087,1,Miss/Mrs/Ms
0,M,1,1,0,0,809,2,male,0,0.0,248723,1,Mr
6,DE,2,3,1,0,810,1,female,1,1.0,113806,2,Miss/Mrs/Ms
6,M,1,0,0,0,811,3,male,0,0.0,3474,1,Mr
0,M,1,2,0,0,812,3,male,0,0.0,A/4 48871,3,Mr
6,M,1,1,0,0,813,2,male,0,0.0,28206,1,Mr
2,M,7,3,0,2,814,3,female,4,0.0,347082,7,Miss/Mrs/Ms
6,M,1,1,0,0,815,3,male,0,0.0,364499,1,Mr
0,ABC,1,4,0,0,816,1,male,0,0.0,112058,2,Mr
4,M,1,0,0,0,817,3,female,0,0.0,STON/O2. 3101290,1,Miss/Mrs/Ms
6,M,3,3,0,1,818,2,male,1,0.0,S.C./PARIS 2079,3,Mr
0,M,1,0,0,0,819,3,male,0,0.0,C 7075,1,Mr
2,M,6,2,0,2,820,3,male,3,0.0,347088,6,Master
0,ABC,3,3,1,1,821,1,female,1,1.0,12749,4,Miss/Mrs/Ms
6,M,1,1,0,0,822,3,male,0,1.0,315098,1,Mr
0,M,1,4,0,0,823,1,male,0,0.0,19972,1,Dr/Military/Noble/Clergy
6,DE,2,1,1,1,824,3,female,0,1.0,392096,2,Miss/Mrs/Ms
1,M,6,3,0,1,825,3,male,4,0.0,3101295,7,Master
4,M,1,0,0,0,826,3,male,0,0.0,368323,1,Mr
4,M,1,3,0,0,827,3,male,0,0.0,1601,8,Mr
1,M,3,3,0,2,828,2,male,0,1.0,S.C./PARIS 2079,3,Master
4,M,1,0,0,0,829,3,male,0,1.0,367228,1,Mr
3,ABC,1,3,1,0,830,1,female,0,1.0,113572,2,Miss/Mrs/Ms
5,M,2,1,1,0,831,3,female,1,1.0,2659,2,Miss/Mrs/Ms
1,M,3,2,0,1,832,2,male,1,1.0,29106,3,Master
4,M,1,0,0,0,833,3,male,0,0.0,2671,1,Mr
4,M,1,0,0,0,834,3,male,0,0.0,347468,1,Mr
5,M,1,1,0,0,835,3,male,0,0.0,2223,1,Mr
0,DE,3,3,0,1,836,1,female,1,1.0,PC 17756,3,Miss/Mrs/Ms
4,M,1,1,0,0,837,3,male,0,0.0,315097,1,Mr
4,M,1,1,0,0,838,3,male,0,0.0,392092,1,Mr
6,M,1,3,0,0,839,3,male,0,1.0,1601,8,Mr
0,ABC,1,2,0,0,840,1,male,0,1.0,11774,1,Mr
4,M,1,0,0,0,841,3,male,0,0.0,SOTON/O2 3101287,1,Mr
5,M,1,1,0,0,842,2,male,0,0.0,S.O./P.P. 3,2,Mr
6,M,1,2,0,0,843,1,female,0,1.0,113798,2,Miss/Mrs/Ms
6,M,1,0,0,0,844,3,male,0,0.0,2683,1,Mr
5,M,1,1,0,0,845,3,male,0,0.0,315090,1,Mr
0,M,1,0,0,0,846,3,male,0,0.0,C.A. 5547,1,Mr
4,M,11,3,0,2,847,3,male,8,0.0,CA. 2343,11,Mr
6,M,1,0,0,0,848,3,male,0,0.0,349213,1,Mr
6,M,2,3,0,1,849,2,male,0,0.0,248727,3,Dr/Military/Noble/Clergy
0,ABC,2,3,1,0,850,1,female,1,1.0,17453,2,Miss/Mrs/Ms
1,M,7,3,0,2,851,3,male,4,0.0,347082,7,Master
3,M,1,0,0,0,852,3,male,0,0.0,347060,1,Mr
2,M,3,2,0,1,853,3,female,1,0.0,2678,3,Miss/Mrs/Ms
5,DE,2,3,0,1,854,1,female,0,1.0,PC 17592,2,Miss/Mrs/Ms
0,M,2,2,1,0,855,2,female,1,0.0,244252,2,Miss/Mrs/Ms
5,M,2,1,1,1,856,3,female,0,1.0,392091,2,Miss/Mrs/Ms
0,M,3,3,1,1,857,1,female,1,1.0,36928,4,Miss/Mrs/Ms
0,DE,1,2,0,0,858,1,male,0,1.0,113055,1,Mr
4,M,4,2,1,3,859,3,female,0,1.0,2666,4,Miss/Mrs/Ms
4,M,1,0,0,0,860,3,male,0,0.0,2629,1,Mr
0,M,3,1,0,0,861,3,male,2,0.0,350026,2,Mr
4,M,2,1,0,0,862,2,male,1,0.0,28134,1,Mr
0,DE,1,2,1,0,863,1,female,0,1.0,17466,1,Miss/Mrs/Ms
4,M,11,3,0,2,864,3,female,8,0.0,CA. 2343,11,Miss/Mrs/Ms
4,M,1,1,0,0,865,2,male,0,0.0,233866,1,Mr
0,M,1,1,1,0,866,2,female,0,1.0,236852,1,Miss/Mrs/Ms
6,M,2,1,0,0,867,2,female,1,1.0,SC/PARIS 2149,1,Miss/Mrs/Ms
6,ABC,1,3,0,0,868,1,male,0,0.0,PC 17590,1,Mr
4,M,1,1,0,0,869,3,male,0,0.0,345777,1,Mr
1,M,3,1,0,1,870,3,male,1,1.0,347742,3,Master
6,M,1,0,0,0,871,3,male,0,0.0,349248,1,Mr
0,DE,3,3,1,1,872,1,female,1,1.0,11751,2,Miss/Mrs/Ms
6,ABC,1,0,0,0,873,1,male,0,0.0,695,1,Mr
0,M,1,1,0,0,874,3,male,0,0.0,345765,1,Mr
6,M,2,2,1,0,875,2,female,1,1.0,P/PP 3381,2,Miss/Mrs/Ms
5,M,1,0,0,0,876,3,female,0,1.0,2667,1,Miss/Mrs/Ms
4,M,1,1,0,0,877,3,male,0,0.0,7534,2,Mr
4,M,1,0,0,0,878,3,male,0,0.0,349212,1,Mr
4,M,1,0,0,0,879,3,male,0,0.0,349217,1,Mr
0,ABC,2,3,1,1,880,1,female,0,1.0,11767,3,Miss/Mrs/Ms
4,M,2,2,1,1,881,2,female,0,1.0,230433,2,Miss/Mrs/Ms
6,M,1,0,0,0,882,3,male,0,0.0,349257,1,Mr
4,M,1,1,0,0,883,3,female,0,0.0,7552,1,Miss/Mrs/Ms
6,M,1,1,0,0,884,2,male,0,0.0,C.A./SOTON 34068,1,Mr
4,M,1,0,0,0,885,3,male,0,0.0,SOTON/OQ 392076,1,Mr
0,M,6,2,1,5,886,3,female,0,0.0,382652,6,Miss/Mrs/Ms
6,M,1,1,0,0,887,2,male,0,0.0,211536,1,Dr/Military/Noble/Clergy
4,ABC,1,2,0,0,888,1,female,0,1.0,112053,1,Miss/Mrs/Ms
4,M,4,2,0,2,889,3,female,1,0.0,W./C. 6607,4,Miss/Mrs/Ms
6,ABC,1,2,0,0,890,1,male,0,1.0,111369,1,Mr
6,M,1,0,0,0,891,3,male,0,0.0,370376,1,Mr
6,M,1,0,0,0,892,3,male,0,,330911,1,Mr
0,M,2,0,1,0,893,3,female,1,,363272,1,Miss/Mrs/Ms
3,M,1,1,0,0,894,2,male,0,,240276,1,Mr
6,M,1,1,0,0,895,3,male,0,,315154,1,Mr
4,M,3,1,1,1,896,3,female,1,,3101298,2,Miss/Mrs/Ms
5,M,1,1,0,0,897,3,male,0,,7538,1,Mr
6,M,1,0,0,0,898,3,female,0,,330972,1,Miss/Mrs/Ms
6,M,3,2,0,1,899,2,male,1,,248738,3,Mr
5,M,1,0,1,0,900,3,female,0,,2657,1,Miss/Mrs/Ms
4,M,3,2,0,0,901,3,male,2,,A/4 48871,3,Mr
4,M,1,0,0,0,902,3,male,0,,349220,1,Mr
0,M,1,2,0,0,903,1,male,0,,694,1,Mr
4,ABC,2,3,1,0,904,1,female,1,,21228,2,Miss/Mrs/Ms
3,M,2,2,0,0,905,2,male,1,,24065,2,Mr
0,DE,2,3,1,0,906,1,female,1,,W.E.P. 5734,2,Miss/Mrs/Ms
4,M,2,2,1,0,907,2,female,1,,SC/PARIS 2167,2,Miss/Mrs/Ms
6,M,1,1,0,0,908,2,male,0,,233734,1,Mr
4,M,1,0,0,0,909,3,male,0,,2692,1,Mr
6,M,2,0,0,0,910,3,female,1,,STON/O2. 3101270,1,Miss/Mrs/Ms
0,M,1,0,1,0,911,3,female,0,,2696,1,Miss/Mrs/Ms
0,M,2,3,0,0,912,1,male,1,,PC 17603,2,Mr
2,M,2,0,0,1,913,3,male,0,,C 17368,1,Master
0,M,1,3,1,0,914,1,female,0,,PC 17598,1,Miss/Mrs/Ms
4,M,2,3,0,1,915,1,male,0,,PC 17597,2,Mr
0,ABC,5,3,1,3,916,1,female,1,,PC 17608,7,Miss/Mrs/Ms
0,M,2,1,0,0,917,3,male,1,,A/5. 3337,2,Mr
4,ABC,2,3,0,1,918,1,female,0,,113509,2,Miss/Mrs/Ms
4,M,1,0,0,0,919,3,male,0,,2698,1,Mr
0,ABC,1,2,0,0,920,1,male,0,,113054,1,Mr
4,M,3,2,0,0,921,3,male,2,,2662,3,Mr
0,M,2,2,0,0,922,2,male,1,,SC/AH 3085,2,Mr
4,M,3,3,0,0,923,2,male,2,,C.A. 31029,3,Mr
6,M,4,2,1,2,924,3,female,1,,C.A. 2315,4,Miss/Mrs/Ms
4,M,4,2,1,2,925,3,female,1,,W./C. 6607,4,Miss/Mrs/Ms
6,ABC,2,3,0,0,926,1,male,1,,13236,2,Mr
4,M,1,0,0,0,927,3,male,0,,2682,1,Mr
4,M,1,1,0,0,928,3,female,0,,342712,1,Miss/Mrs/Ms
4,M,1,1,0,0,929,3,female,0,,315087,1,Miss/Mrs/Ms
4,M,1,1,0,0,930,3,male,0,,345768,1,Mr
4,M,1,3,0,0,931,3,male,0,,1601,8,Mr
0,M,2,1,0,1,932,3,male,0,,349256,2,Mr
0,DE,1,2,0,0,933,1,male,0,,113778,1,Mr
0,M,1,0,0,0,934,3,male,0,,SOTON/O.Q. 3101263,1,Mr
6,M,1,1,1,0,935,2,female,0,,237249,1,Miss/Mrs/Ms
0,DE,2,3,1,0,936,1,female,1,,11753,2,Miss/Mrs/Ms
4,M,1,0,0,0,937,3,male,0,,STON/O 2. 3101291,1,Mr
0,ABC,1,2,0,0,938,1,male,0,,PC 17594,1,Mr
4,M,1,0,0,0,939,3,male,0,,370374,1,Mr
0,DE,1,3,1,0,940,1,female,0,,11813,2,Miss/Mrs/Ms
0,M,3,2,1,2,941,3,female,0,,C.A. 37671,3,Miss/Mrs/Ms
4,ABC,2,3,0,0,942,1,male,1,,13695,2,Mr
6,M,1,2,0,0,943,2,male,0,,SC/PARIS 2168,1,Mr
4,M,4,2,0,1,944,2,female,2,,29105,2,Miss/Mrs/Ms
6,ABC,6,3,0,2,945,1,female,3,,19950,6,Miss/Mrs/Ms
6,M,1,2,0,0,946,2,male,0,,SC/A.3 2861,1,Mr
2,M,6,2,0,1,947,3,male,4,,382652,6,Master
6,M,1,0,0,0,948,3,male,0,,349230,1,Mr
4,FG,1,0,0,0,949,3,male,0,,348122,1,Mr
4,M,2,2,0,0,950,3,male,1,,386525,2,Mr
0,ABC,1,3,0,0,951,1,female,0,,PC 17608,7,Miss/Mrs/Ms
5,M,1,0,0,0,952,3,male,0,,349232,1,Mr
6,M,1,1,0,0,953,2,male,0,,237216,1,Mr
5,M,1,0,0,0,954,3,male,0,,347090,1,Mr
4,M,1,0,0,0,955,3,female,0,,334914,1,Miss/Mrs/Ms
5,ABC,5,3,0,2,956,1,male,2,,PC 17608,7,Master
6,M,1,2,1,0,957,2,female,0,,F.C.C. 13534,2,Miss/Mrs/Ms
5,M,1,0,0,0,958,3,female,0,,330963,1,Miss/Mrs/Ms
0,M,1,3,0,0,959,1,male,0,,113796,2,Mr
6,ABC,1,2,0,0,960,1,male,0,,2543,1,Mr
0,ABC,6,3,1,4,961,1,female,1,,19950,6,Miss/Mrs/Ms
4,M,1,0,0,0,962,3,female,0,,382653,1,Miss/Mrs/Ms
4,M,1,0,0,0,963,3,male,0,,349211,1,Mr
6,M,1,0,0,0,964,3,female,0,,3101297,1,Miss/Mrs/Ms
6,DE,1,2,0,0,965,1,male,0,,PC 17562,1,Mr
6,ABC,1,3,0,0,966,1,female,0,,113503,5,Miss/Mrs/Ms
6,ABC,1,3,0,0,967,1,male,0,,113503,5,Mr
4,M,1,1,0,0,968,3,male,0,,359306,1,Mr
0,ABC,3,2,1,0,969,1,female,2,,11770,1,Miss/Mrs/Ms
6,M,1,1,0,0,970,2,male,0,,248744,1,Mr
4,M,1,0,0,0,971,3,female,0,,368702,1,Miss/Mrs/Ms
2,M,3,2,0,1,972,3,male,1,,2678,3,Master
3,ABC,2,3,0,0,973,1,male,1,,PC 17483,4,Mr
0,M,1,2,0,0,974,1,male,0,,19924,1,Mr
4,M,1,0,0,0,975,3,male,0,,349238,1,Mr
6,M,1,1,0,0,976,2,male,0,,240261,1,Mr
4,M,2,1,0,0,977,3,male,1,,2660,2,Mr
6,M,1,0,0,0,978,3,female,0,,330844,1,Miss/Mrs/Ms
5,M,1,1,0,0,979,3,female,0,,A/4 31416,1,Miss/Mrs/Ms
4,M,1,0,0,0,980,3,female,0,,364856,1,Miss/Mrs/Ms
1,M,3,2,0,1,981,2,male,1,,29103,3,Master
4,M,2,1,1,0,982,3,female,1,,347072,2,Miss/Mrs/Ms
4,M,1,0,0,0,983,3,male,0,,345498,1,Mr
6,ABC,4,3,1,2,984,1,female,1,,F.C. 12750,2,Miss/Mrs/Ms
4,M,1,1,0,0,985,3,male,0,,376563,1,Mr
4,M,1,2,0,0,986,1,male,0,,13905,1,Mr
4,M,1,0,0,0,987,3,male,0,,350033,1,Mr
3,ABC,2,3,1,0,988,1,female,1,,19877,3,Miss/Mrs/Ms
6,M,1,0,0,0,989,3,male,0,,STON/O 2. 3101268,1,Mr
4,M,1,0,0,0,990,3,female,0,,347471,1,Miss/Mrs/Ms
6,M,1,1,0,0,991,3,male,0,,A./5. 3338,1,Mr
0,ABC,2,3,1,0,992,1,female,1,,11778,2,Miss/Mrs/Ms
6,M,2,2,0,0,993,2,male,1,,228414,2,Mr
4,M,1,0,0,0,994,3,male,0,,365235,1,Mr
6,M,1,0,0,0,995,3,male,0,,347070,1,Mr
5,M,3,1,1,1,996,3,female,1,,2625,2,Miss/Mrs/Ms
6,M,1,2,0,0,997,3,male,0,,C 4001,3,Mr
4,M,1,0,0,0,998,3,male,0,,330920,1,Mr
4,M,1,0,0,0,999,3,male,0,,383162,1,Mr
4,M,1,1,0,0,1000,3,male,0,,3410,1,Mr
4,FG,1,1,0,0,1001,2,male,0,,248734,1,Mr
0,M,1,2,0,0,1002,2,male,0,,237734,1,Mr
4,M,1,0,0,0,1003,3,female,0,,330968,1,Miss/Mrs/Ms
0,ABC,1,3,0,0,1004,1,female,0,,PC 17531,1,Miss/Mrs/Ms
4,M,1,0,0,0,1005,3,female,0,,329944,1,Miss/Mrs/Ms
3,ABC,2,3,1,0,1006,1,female,1,,PC 17483,4,Miss/Mrs/Ms
5,M,2,1,0,0,1007,3,male,1,,2680,2,Mr
4,M,1,0,0,0,1008,3,male,0,,2681,1,Mr
1,FG,3,2,0,1,1009,3,female,1,,PP 9549,3,Miss/Mrs/Ms
0,ABC,1,3,0,0,1010,1,male,0,,13050,2,Mr
6,M,2,2,1,0,1011,2,female,1,,SC/AH 29037,2,Miss/Mrs/Ms
2,M,1,2,0,0,1012,2,female,0,,C.A. 33595,2,Miss/Mrs/Ms
4,M,2,0,0,0,1013,3,male,1,,367227,1,Mr
6,ABC,2,3,1,0,1014,1,female,1,,13236,2,Miss/Mrs/Ms
6,M,1,0,0,0,1015,3,male,0,,392095,1,Mr
4,M,1,0,0,0,1016,3,male,0,,368783,1,Mr
5,M,2,2,0,1,1017,3,female,0,,371362,2,Miss/Mrs/Ms
4,M,1,0,0,0,1018,3,male,0,,350045,1,Mr
4,M,3,2,0,0,1019,3,female,2,,367226,3,Miss/Mrs/Ms
0,M,1,1,0,0,1020,2,male,0,,211535,1,Mr
4,M,1,1,0,0,1021,3,male,0,,342441,1,Mr
6,M,1,1,0,0,1022,3,male,0,,STON/OQ. 369943,1,Mr
0,ABC,1,2,0,0,1023,1,male,0,,113780,1,Dr/Military/Noble/Clergy
4,M,5,2,1,4,1024,3,female,0,,4133,5,Miss/Mrs/Ms
4,M,2,0,0,0,1025,3,male,1,,2621,1,Mr
0,M,1,0,0,0,1026,3,male,0,,349226,1,Mr
4,M,1,0,0,0,1027,3,male,0,,350409,1,Mr
6,M,1,0,0,0,1028,3,male,0,,2656,1,Mr
6,M,1,1,0,0,1029,2,male,0,,248659,1,Mr
4,M,1,1,0,0,1030,3,female,0,,SOTON/OQ 392083,1,Miss/Mrs/Ms
0,M,8,3,0,6,1031,3,male,1,,CA 2144,8,Mr
2,M,8,3,0,2,1032,3,female,5,,CA 2144,8,Miss/Mrs/Ms
6,M,1,3,0,0,1033,1,female,0,,113781,6,Miss/Mrs/Ms
3,ABC,5,3,0,3,1034,1,male,1,,PC 17608,7,Mr
6,M,1,2,0,0,1035,2,male,0,,244358,2,Mr
0,M,1,2,0,0,1036,1,male,0,,17475,1,Mr
6,M,4,2,0,0,1037,3,male,3,,345763,2,Mr
0,DE,1,3,0,0,1038,1,male,0,,17463,2,Mr
4,M,1,1,0,0,1039,3,male,0,,SC/A4 23568,1,Mr
0,M,1,2,0,0,1040,1,male,0,,113791,1,Mr
6,M,3,2,0,1,1041,2,male,1,,250651,2,Dr/Military/Noble/Clergy
4,ABC,2,3,1,1,1042,1,female,0,,11767,3,Miss/Mrs/Ms
4,M,1,0,0,0,1043,3,male,0,,349255,1,Mr
3,M,1,0,0,0,1044,3,male,0,,3701,1,Mr
0,M,3,1,1,2,1045,3,female,0,,350405,2,Miss/Mrs/Ms
5,M,7,3,0,2,1046,3,male,4,,347077,7,Master
4,M,1,0,0,0,1047,3,male,0,,S.O./P.P. 752,1,Mr
6,ABC,1,3,0,0,1048,1,female,0,,PC 17483,4,Miss/Mrs/Ms
4,M,1,0,0,0,1049,3,female,0,,347469,1,Miss/Mrs/Ms
0,DE,1,2,0,0,1050,1,male,0,,110489,1,Mr
6,M,3,1,1,2,1051,3,female,0,,SOTON/O.Q. 3101315,3,Miss/Mrs/Ms
4,M,1,0,0,0,1052,3,female,0,,335432,1,Miss/Mrs/Ms
2,M,3,2,0,1,1053,3,male,1,,2650,3,Master
6,M,1,1,0,0,1054,2,female,0,,220844,1,Miss/Mrs/Ms
4,M,1,0,0,0,1055,3,male,0,,343271,1,Mr
0,M,1,1,0,0,1056,2,male,0,,237393,1,Dr/Military/Noble/Clergy
6,M,3,2,1,1,1057,3,female,1,,315153,3,Miss/Mrs/Ms
0,ABC,1,3,0,0,1058,1,male,0,,PC 17591,1,Mr
5,M,5,3,0,2,1059,3,male,2,,W./C. 6608,5,Mr
0,M,1,2,1,0,1060,1,female,0,,17770,1,Miss/Mrs/Ms
4,M,1,1,0,0,1061,3,female,0,,7548,1,Miss/Mrs/Ms
4,M,1,0,0,0,1062,3,male,0,,S.O./P.P. 251,1,Mr
6,M,1,0,0,0,1063,3,male,0,,2670,1,Mr
4,M,2,1,0,0,1064,3,male,1,,347072,2,Mr
4,M,1,0,0,0,1065,3,male,0,,2673,1,Mr
0,M,7,3,0,5,1066,3,male,1,,347077,7,Mr
5,M,3,3,0,2,1067,2,female,0,,29750,3,Miss/Mrs/Ms
4,M,1,3,0,0,1068,2,female,0,,C.A. 33112,4,Miss/Mrs/Ms
0,ABC,2,3,0,0,1069,1,male,1,,11778,2,Mr
0,FG,4,3,1,3,1070,2,female,0,,230136,4,Miss/Mrs/Ms
3,DE,3,3,1,2,1071,1,female,0,,PC 17756,3,Miss/Mrs/Ms
6,M,1,1,0,0,1072,2,male,0,,233478,1,Mr
0,DE,3,3,0,1,1073,1,male,1,,PC 17756,3,Mr
5,DE,2,3,1,0,1074,1,female,1,,113773,2,Miss/Mrs/Ms
4,M,1,0,0,0,1075,3,male,0,,7935,1,Mr
6,ABC,3,3,1,1,1076,1,female,1,,PC 17558,3,Miss/Mrs/Ms
0,M,1,2,0,0,1077,2,male,0,,239059,1,Mr
4,M,2,2,0,1,1078,2,female,0,,S.O./P.P. 2,2,Miss/Mrs/Ms
5,M,3,1,0,0,1079,3,male,2,,A/4 48873,1,Mr
4,M,11,3,0,2,1080,3,female,8,,CA. 2343,11,Miss/Mrs/Ms
0,M,1,1,0,0,1081,2,male,0,,28221,1,Mr
6,M,2,2,0,0,1082,2,male,1,,226875,2,Mr
0,M,1,2,0,0,1083,1,male,0,,111163,1,Mr
2,M,3,1,0,1,1084,3,male,1,,A/5. 851,3,Master
3,M,1,1,0,0,1085,2,male,0,,235509,1,Mr
2,M,3,3,0,2,1086,2,male,0,,28220,3,Master
6,M,1,0,0,0,1087,3,male,0,,347465,1,Mr
2,DE,3,3,0,2,1088,1,male,0,,16966,5,Master
5,M,1,0,0,0,1089,3,female,0,,347066,1,Miss/Mrs/Ms
4,M,1,1,0,0,1090,2,male,0,,C.A. 31030,1,Mr
4,M,1,1,1,0,1091,3,female,0,,65305,1,Miss/Mrs/Ms
4,M,1,2,0,0,1092,3,female,0,,36568,2,Miss/Mrs/Ms
1,M,3,1,0,2,1093,3,male,0,,347080,3,Master
0,ABC,2,3,0,0,1094,1,male,1,,PC 17757,5,Dr/Military/Noble/Clergy
2,M,3,2,0,1,1095,2,female,1,,26360,3,Miss/Mrs/Ms
4,M,1,1,0,0,1096,2,male,0,,C.A. 34050,1,Mr
0,M,1,2,0,0,1097,1,male,0,,F.C. 12998,1,Mr
6,M,1,0,0,0,1098,3,female,0,,9232,1,Miss/Mrs/Ms
4,M,1,1,0,0,1099,2,male,0,,28034,1,Mr
6,ABC,1,2,0,0,1100,1,female,0,,PC 17613,1,Miss/Mrs/Ms
4,M,1,0,0,0,1101,3,male,0,,349250,1,Mr
6,M,1,2,0,0,1102,3,male,0,,C 4001,3,Mr
4,M,1,0,0,0,1103,3,male,0,,SOTON/O.Q. 3101308,1,Mr
5,M,1,3,0,0,1104,2,male,0,,S.O.C. 14879,7,Mr
0,M,2,2,1,0,1105,2,female,1,,24065,2,Miss/Mrs/Ms
0,M,7,0,0,2,1106,3,female,4,,347091,1,Miss/Mrs/Ms
0,ABC,1,3,0,0,1107,1,male,0,,113038,1,Mr
4,M,1,0,0,0,1108,3,female,0,,330924,1,Miss/Mrs/Ms
0,M,3,3,0,1,1109,1,male,1,,36928,4,Mr
0,ABC,3,3,1,1,1110,1,female,1,,113503,5,Miss/Mrs/Ms
4,M,1,1,0,0,1111,3,male,0,,32302,1,Mr
6,M,2,1,0,0,1112,2,female,1,,SC/PARIS 2148,1,Miss/Mrs/Ms
4,M,1,1,0,0,1113,3,male,0,,342684,1,Mr
4,FG,1,1,1,0,1114,2,female,0,,W./C. 14266,1,Miss/Mrs/Ms
4,M,1,0,0,0,1115,3,male,0,,350053,1,Mr
0,M,1,2,1,0,1116,1,female,0,,PC 17606,1,Miss/Mrs/Ms
4,M,3,2,1,2,1117,3,female,0,,2661,3,Miss/Mrs/Ms
4,M,1,0,0,0,1118,3,male,0,,350054,1,Mr
4,M,1,0,0,0,1119,3,female,0,,370368,1,Miss/Mrs/Ms
0,M,1,2,0,0,1120,3,male,0,,C.A. 6212,2,Mr
0,M,1,1,0,0,1121,2,male,0,,242963,1,Mr
5,M,1,3,0,0,1122,2,male,0,,220845,5,Mr
4,M,1,2,0,0,1123,1,female,0,,113795,1,Miss/Mrs/Ms
4,M,2,0,0,0,1124,3,male,1,,3101266,1,Mr
4,M,1,0,0,0,1125,3,male,0,,330971,1,Mr
0,ABC,2,3,0,0,1126,1,male,1,,PC 17599,2,Mr
4,M,1,0,0,0,1127,3,male,0,,350416,1,Mr
3,DE,2,3,0,0,1128,1,male,1,,110813,2,Mr
4,M,1,0,0,0,1129,3,male,0,,2679,1,Mr
5,M,3,1,0,1,1130,2,female,1,,250650,1,Miss/Mrs/Ms
0,ABC,2,3,1,0,1131,1,female,1,,PC 17761,3,Miss/Mrs/Ms
0,M,1,2,1,0,1132,1,female,0,,112377,1,Miss/Mrs/Ms
0,M,3,2,1,2,1133,2,female,0,,237789,2,Miss/Mrs/Ms
0,DE,3,3,0,1,1134,1,male,1,,16966,5,Mr
4,M,1,0,0,0,1135,3,male,0,,3470,1,Mr
4,M,4,2,0,2,1136,3,male,1,,W./C. 6607,4,Master
0,DE,2,3,0,0,1137,1,male,1,,17464,2,Mr
4,M,1,2,1,0,1138,2,female,0,,F.C.C. 13534,2,Miss/Mrs/Ms
0,M,3,3,0,1,1139,2,male,1,,28220,3,Mr
6,M,2,2,1,0,1140,2,female,1,,26707,2,Miss/Mrs/Ms
4,M,2,1,1,0,1141,3,female,1,,2660,2,Miss/Mrs/Ms
1,M,4,2,0,2,1142,2,female,1,,C.A. 34651,4,Miss/Mrs/Ms
4,M,1,0,0,0,1143,3,male,0,,SOTON/O2 3101284,1,Mr
6,ABC,2,3,0,0,1144,1,male,1,,13508,2,Mr
4,M,1,1,0,0,1145,3,male,0,,7266,1,Mr
6,M,1,1,0,0,1146,3,male,0,,345775,1,Mr
4,M,1,0,0,0,1147,3,male,0,,C.A. 42795,1,Mr
4,M,1,0,0,0,1148,3,male,0,,AQ/4 3130,1,Mr
6,M,1,1,0,0,1149,3,male,0,,363611,1,Mr
4,M,1,1,0,0,1150,2,female,0,,28404,1,Miss/Mrs/Ms
4,M,1,0,0,0,1151,3,male,0,,345501,1,Mr
0,M,2,2,0,0,1152,3,male,1,,345572,2,Mr
4,M,1,0,0,0,1153,3,male,0,,350410,1,Mr
6,M,3,2,1,2,1154,2,female,0,,29103,3,Miss/Mrs/Ms
1,M,3,1,0,1,1155,3,female,1,,350405,2,Miss/Mrs/Ms
6,M,1,1,0,0,1156,2,male,0,,C.A. 34644,1,Mr
4,M,1,0,0,0,1157,3,male,0,,349235,1,Mr
0,M,1,4,0,0,1158,1,male,0,,112051,1,Mr
4,M,1,0,0,0,1159,3,male,0,,C.A. 49867,1,Mr
4,M,1,1,0,0,1160,3,female,0,,A. 2. 39186,1,Miss/Mrs/Ms
5,M,1,1,0,0,1161,3,male,0,,315095,1,Mr
0,ABC,1,3,0,0,1162,1,male,0,,13050,2,Mr
4,M,1,0,0,0,1163,3,male,0,,368573,1,Mr
6,ABC,2,3,1,0,1164,1,female,1,,13508,2,Miss/Mrs/Ms
4,M,2,2,0,0,1165,3,female,1,,370371,2,Miss/Mrs/Ms
4,M,1,0,0,0,1166,3,male,0,,2676,1,Mr
4,M,2,2,0,0,1167,2,female,1,,236853,2,Miss/Mrs/Ms
6,M,1,1,0,0,1168,2,male,0,,SC 14888,1,Mr
0,M,2,2,0,0,1169,2,male,1,,2926,2,Mr
6,M,2,2,0,0,1170,2,male,1,,CA 31352,2,Mr
4,M,1,1,0,0,1171,2,male,0,,W./C. 14260,1,Mr
4,M,1,1,0,0,1172,3,female,0,,315085,1,Miss/Mrs/Ms
1,M,3,1,0,1,1173,3,male,1,,SOTON/O.Q. 3101315,3,Master
4,M,1,0,0,0,1174,3,female,0,,364859,1,Miss/Mrs/Ms
2,M,3,2,0,1,1175,3,female,1,,2650,3,Miss/Mrs/Ms
1,M,3,2,0,1,1176,3,female,1,,370129,3,Miss/Mrs/Ms
0,M,1,0,0,0,1177,3,male,0,,A/5 21175,1,Mr
4,M,1,0,0,0,1178,3,male,0,,SOTON/O.Q. 3101314,1,Mr
4,ABC,2,3,0,0,1179,1,male,1,,21228,2,Mr
4,FG,1,0,0,0,1180,3,male,0,,2655,1,Mr
4,M,1,1,0,0,1181,3,male,0,,A/5 1478,1,Mr
0,M,1,3,0,0,1182,1,male,0,,PC 17607,1,Mr
6,M,1,0,0,0,1183,3,female,0,,382650,1,Miss/Mrs/Ms
4,M,1,0,0,0,1184,3,male,0,,2652,1,Mr
0,ABC,3,3,0,1,1185,1,male,1,,33638,3,Dr/Military/Noble/Clergy
0,M,1,1,0,0,1186,3,male,0,,345771,1,Mr
6,M,1,0,0,0,1187,3,male,0,,349202,1,Mr
1,M,4,3,0,2,1188,2,female,1,,SC/Paris 2123,4,Miss/Mrs/Ms
4,M,3,2,0,0,1189,3,male,2,,2662,3,Mr
6,M,1,3,0,0,1190,1,male,0,,113801,1,Mr
6,M,1,0,0,0,1191,3,male,0,,347467,1,Mr
6,M,1,0,0,0,1192,3,male,0,,347079,1,Mr
6,DE,1,2,0,0,1193,2,male,0,,237735,1,Mr
0,M,2,2,0,1,1194,2,male,0,,S.O./P.P. 2,2,Mr
4,M,1,1,0,0,1195,3,male,0,,315092,1,Mr
4,M,1,0,0,0,1196,3,female,0,,383123,1,Miss/Mrs/Ms
3,ABC,3,2,1,1,1197,1,female,1,,112901,1,Miss/Mrs/Ms
6,ABC,4,3,0,2,1198,1,male,1,,113781,6,Mr
1,M,2,1,0,1,1199,3,male,0,,392091,2,Master
0,ABC,3,3,0,1,1200,1,male,1,,12749,4,Mr
0,M,2,1,1,0,1201,3,female,1,,350026,2,Miss/Mrs/Ms
5,M,1,1,0,0,1202,3,male,0,,315091,1,Mr
4,M,1,0,0,0,1203,3,male,0,,2658,1,Mr
4,M,1,0,0,0,1204,3,male,0,,LP 1588,1,Mr
0,M,1,0,0,0,1205,3,female,0,,368364,1,Miss/Mrs/Ms
0,ABC,1,3,1,0,1206,1,female,0,,PC 17760,4,Miss/Mrs/Ms
5,M,1,0,0,0,1207,3,female,0,,AQ/3. 30631,1,Miss/Mrs/Ms
0,ABC,2,3,0,0,1208,1,male,1,,PC 17569,3,Mr
4,M,1,1,0,0,1209,2,male,0,,28004,1,Mr
6,M,1,0,0,0,1210,3,male,0,,350408,1,Mr
4,M,3,3,0,0,1211,2,male,2,,C.A. 31029,3,Mr
6,M,1,0,0,0,1212,3,male,0,,347075,1,Mr
4,FG,1,0,0,0,1213,3,male,0,,2654,1,Mr
6,FG,1,1,0,0,1214,2,male,0,,244368,1,Mr
6,M,1,2,0,0,1215,1,male,0,,113790,1,Mr
0,M,1,3,0,0,1216,1,female,0,,24160,4,Miss/Mrs/Ms
4,M,1,0,0,0,1217,3,male,0,,SOTON/O.Q. 3101309,1,Mr
2,FG,4,3,0,1,1218,2,female,2,,230136,4,Miss/Mrs/Ms
0,M,1,3,0,0,1219,1,male,0,,PC 17585,2,Mr
6,M,2,2,0,0,1220,2,male,1,,2003,2,Mr
4,M,1,1,0,0,1221,2,male,0,,236854,1,Mr
0,M,3,3,1,2,1222,2,female,0,,C.A. 33112,4,Miss/Mrs/Ms
0,ABC,1,2,0,0,1223,1,male,0,,PC 17580,1,Mr
4,M,1,0,0,0,1224,3,male,0,,2684,1,Mr
4,M,3,2,1,1,1225,3,female,1,,2653,3,Miss/Mrs/Ms
6,M,1,0,0,0,1226,3,male,0,,349229,1,Mr
6,ABC,1,2,0,0,1227,1,male,0,,110469,1,Mr
6,M,1,1,0,0,1228,2,male,0,,244360,1,Mr
0,M,3,0,0,2,1229,3,male,0,,2675,1,Mr
4,M,1,3,0,0,1230,2,male,0,,C.A. 31029,3,Mr
4,M,1,0,0,0,1231,3,male,0,,2622,1,Master
5,M,1,1,0,0,1232,2,male,0,,C.A. 15185,1,Mr
6,M,1,0,0,0,1233,3,male,0,,350403,1,Mr
4,M,11,3,0,9,1234,3,male,1,,CA. 2343,11,Mr
0,ABC,2,3,1,1,1235,1,female,0,,PC 17755,4,Miss/Mrs/Ms
4,M,3,1,0,1,1236,3,male,1,,A/5. 851,3,Master
5,M,1,0,0,0,1237,3,female,0,,348125,1,Miss/Mrs/Ms
6,M,1,1,0,0,1238,2,male,0,,237670,1,Mr
0,M,1,0,1,0,1239,3,female,0,,2688,1,Miss/Mrs/Ms
4,M,1,1,0,0,1240,2,male,0,,248726,1,Mr
6,M,1,2,0,0,1241,2,female,0,,F.C.C. 13528,2,Miss/Mrs/Ms
0,DE,2,3,1,1,1242,1,female,0,,PC 17759,2,Miss/Mrs/Ms
4,M,1,1,0,0,1243,2,male,0,,F.C.C. 13540,1,Mr
5,M,1,3,0,0,1244,2,male,0,,S.O.C. 14879,7,Mr
0,M,4,3,0,2,1245,2,male,1,,220845,5,Mr
1,M,4,2,0,2,1246,3,female,1,,C.A. 2315,4,Miss/Mrs/Ms
0,DE,1,2,0,0,1247,1,male,0,,113044,1,Mr
0,ABC,3,3,1,0,1248,1,female,2,,11769,2,Miss/Mrs/Ms
4,M,1,0,0,0,1249,3,male,0,,1222,1,Mr
4,M,1,0,0,0,1250,3,male,0,,368402,1,Mr
6,M,2,2,1,0,1251,3,female,1,,349910,2,Miss/Mrs/Ms
5,M,11,3,0,2,1252,3,male,8,,CA. 2343,11,Master
4,M,3,3,1,1,1253,2,female,1,,S.C./PARIS 2079,3,Miss/Mrs/Ms
6,M,1,2,1,0,1254,2,female,0,,CA 31352,2,Miss/Mrs/Ms
6,M,1,1,0,0,1255,3,male,0,,315083,1,Mr
4,DE,2,3,1,0,1256,1,female,1,,11765,2,Miss/Mrs/Ms
4,M,11,3,1,9,1257,3,female,1,,CA. 2343,11,Miss/Mrs/Ms
4,M,2,1,0,0,1258,3,male,1,,2689,2,Mr
4,M,1,3,0,0,1259,3,female,0,,3101295,7,Miss/Mrs/Ms
0,M,2,3,1,1,1260,1,female,0,,112378,2,Miss/Mrs/Ms
6,M,1,1,0,0,1261,2,male,0,,SC/PARIS 2147,1,Mr
4,M,2,1,0,0,1262,2,male,1,,28133,1,Mr
6,DE,1,3,0,0,1263,1,female,0,,16966,5,Miss/Mrs/Ms
0,ABC,1,4,0,0,1264,1,male,0,,112058,2,Mr
0,M,1,1,0,0,1265,2,male,0,,248746,1,Mr
0,ABC,3,3,1,1,1266,1,female,1,,33638,3,Miss/Mrs/Ms
0,M,1,3,0,0,1267,1,female,0,,PC 17608,7,Miss/Mrs/Ms
4,M,3,1,0,0,1268,3,female,2,,315152,1,Miss/Mrs/Ms
4,M,1,1,0,0,1269,2,male,0,,29107,1,Mr
0,ABC,1,3,0,0,1270,1,male,0,,680,1,Mr
1,M,7,3,0,2,1271,3,male,4,,347077,7,Master
4,M,1,0,0,0,1272,3,male,0,,366713,1,Mr
6,M,1,0,0,0,1273,3,male,0,,330910,1,Mr
4,M,1,1,1,0,1274,3,female,0,,364498,2,Miss/Mrs/Ms
4,M,2,2,1,0,1275,3,female,1,,376566,2,Miss/Mrs/Ms
6,M,1,1,0,0,1276,2,male,0,,SC/PARIS 2159,1,Mr
4,M,4,3,0,2,1277,2,female,1,,220845,5,Miss/Mrs/Ms
4,M,1,0,0,0,1278,3,male,0,,349911,1,Mr
0,M,1,1,0,0,1279,2,male,0,,244346,1,Mr
4,M,1,0,0,0,1280,3,male,0,,364858,1,Mr
2,M,5,2,0,1,1281,3,male,3,,349909,5,Master
4,ABC,1,3,0,0,1282,1,male,0,,12749,4,Mr
0,DE,2,3,1,1,1283,1,female,0,,PC 17592,2,Miss/Mrs/Ms
5,M,3,2,0,2,1284,3,male,0,,C.A. 2673,3,Master
0,M,1,1,0,0,1285,2,male,0,,C.A. 30769,1,Mr
6,M,5,2,0,1,1286,3,male,3,,315153,3,Mr
5,ABC,2,3,1,0,1287,1,female,1,,13695,2,Miss/Mrs/Ms
4,M,1,0,0,0,1288,3,male,0,,371109,1,Mr
0,ABC,3,3,1,1,1289,1,female,1,,13567,2,Miss/Mrs/Ms
4,M,1,0,0,0,1290,3,male,0,,347065,1,Mr
6,M,1,0,0,0,1291,3,male,0,,21332,1,Mr
6,ABC,1,3,0,0,1292,1,female,0,,36928,4,Miss/Mrs/Ms
0,M,2,2,0,0,1293,2,male,1,,28664,2,Mr
4,M,2,3,0,1,1294,1,female,0,,112378,2,Miss/Mrs/Ms
5,M,1,3,0,0,1295,1,male,0,,113059,2,Mr
0,DE,2,2,0,0,1296,1,male,1,,17765,1,Mr
4,DE,1,1,0,0,1297,2,male,0,,SC/PARIS 2166,1,Mr
4,M,2,1,0,0,1298,2,male,1,,28666,1,Mr
0,ABC,3,3,0,1,1299,1,male,1,,113503,5,Mr
4,M,1,0,0,0,1300,3,female,0,,334915,1,Miss/Mrs/Ms
1,M,3,1,0,1,1301,3,female,1,,SOTON/O.Q. 3101315,3,Miss/Mrs/Ms
4,M,1,0,0,0,1302,3,female,0,,365237,1,Miss/Mrs/Ms
0,ABC,2,3,1,0,1303,1,female,1,,19928,3,Miss/Mrs/Ms
6,M,1,0,0,0,1304,3,female,0,,347086,1,Miss/Mrs/Ms
4,M,1,1,0,0,1305,3,male,0,,A.5. 3236,1,Mr
0,ABC,1,3,0,0,1306,1,female,0,,PC 17758,3,Miss/Mrs/Ms
0,M,1,0,0,0,1307,3,male,0,,SOTON/O.Q. 3101262,1,Mr
4,M,1,1,0,0,1308,3,male,0,,359309,1,Mr
4,M,3,2,0,1,1309,3,male,1,,2668,3,Master
